"Player","Team","Position","Type","Team","Bid","Pr","Grp/Max","Date (PST)","Week"
"Marcus Mariota","LV","QB","Drop","(Trevor) The Greenbay Packers","","1","1/99","Wed Dec 23, 2020, 8:05PM","16"
"Salvon Ahmed","MIA","RB","Claim","(Keyon) Quon T. Hill and the Zits","1.00","1","1/99","Sat Dec 19, 2020, 9:00AM","15"
"Marcus Mariota","LV","QB","Claim","(Trevor) The Greenbay Packers","1.00","1","1/99","Sat Dec 19, 2020, 9:00AM","16"
"Olivier Vernon","CLE","DL","Claim","(pat) Crucifictorious Maids","1.00","4","1/99","Fri Dec 18, 2020, 9:00AM","15"
"DeSean Jackson","PHI","WR","Drop","(pat) Crucifictorious Maids","","4","1/99","Fri Dec 18, 2020, 9:00AM","15"
"Matt Gay","IND/LAR","K","Claim","(pat) Crucifictorious Maids","1.00","1","1/99","Fri Dec 18, 2020, 9:00AM","15"
"Brandon McManus","DEN","K","Drop","(pat) Crucifictorious Maids","","1","1/99","Fri Dec 18, 2020, 9:00AM","15"
"Chase Daniel","DET","QB","Claim","(Keyon) Quon T. Hill and the Zits","40.00","1","1/99","Thu Dec 17, 2020, 9:00AM","15"
"Raheem Mostert","SF","RB","Drop","(Keyon) Quon T. Hill and the Zits","","1","1/99","Thu Dec 17, 2020, 9:00AM","15"
"Evan Engram","NYG","TE","Drop","(Keyon) Quon T. Hill and the Zits","","1","1/99","Thu Dec 17, 2020, 8:59AM","15"
"Avery Williamson","NYJ/PIT","LB","Claim","(pat) Crucifictorious Maids","3.00","1","1/99","Sun Dec 13, 2020, 9:00AM","14"
"LeSean McCoy","TB","RB","Drop","(pat) Crucifictorious Maids","","1","1/99","Sun Dec 13, 2020, 9:00AM","14"
"Harvey Langi","NYJ","LB","Claim","(SCHX) Onederlic Life to Live","1.00","1","1/99","Sat Dec 12, 2020, 9:00AM","14"
"Tevin Coleman","SF","RB","Drop","(SCHX) Onederlic Life to Live","","1","1/99","Sat Dec 12, 2020, 9:00AM","14"
"Jordan Akins","HOU","TE","Drop","(Keyon) Quon T. Hill and the Zits","","1","1/99","Wed Dec 9, 2020, 8:05PM","14"
"Neville Hewitt","NYJ","LB","Claim","(Keyon) Quon T. Hill and the Zits","3.00","1","1/99","Wed Dec 9, 2020, 8:05PM","14"
"Troy Hill","LAR","DB","Claim","(SCHX) Onederlic Life to Live","1.00","1","1/99","Wed Dec 9, 2020, 8:05PM","14"
"Neville Hewitt","NYJ","LB","Drop","(SCHX) Onederlic Life to Live","","1","1/99","Thu Dec 10, 2020, 11:52AM","14"
"Jason Myers","SEA","K","Claim","(REYN) Sex Bob-omb and the City","1.00","1","1/99","Thu Dec 10, 2020, 9:00AM","14"
"Travis Fulgham","PHI","WR","Drop","(REYN) Sex Bob-omb and the City","","1","1/99","Thu Dec 10, 2020, 9:00AM","14"
"Neville Hewitt","NYJ","LB","Claim","(SCHX) Onederlic Life to Live","18.00","1","1/99","Thu Dec 10, 2020, 9:00AM","14"
"Troy Hill","LAR","DB","Drop","(SCHX) Onederlic Life to Live","","1","1/99","Thu Dec 10, 2020, 9:00AM","14"
"Tyler Bass","BUF","K","Claim","(QTM) Tyler Dethklokett","1.00","1","1/99","Sat Dec 5, 2020, 9:00AM","13"
"Jake Elliott","PHI","K","Drop","(QTM) Tyler Dethklokett","","1","1/99","Sat Dec 5, 2020, 9:00AM","13"
"Troy Reeder","LAR","LB","Claim","(SCHX) Onederlic Life to Live","1.00","1","1/99","Sat Dec 5, 2020, 9:00AM","13"
"Harvey Langi","NYJ","LB","Drop","(SCHX) Onederlic Life to Live","","1","1/99","Sat Dec 5, 2020, 9:00AM","13"
"Myles Jack","JAX","LB","Claim","(QTM) Tyler Dethklokett","2.00","2","1/99","Fri Dec 4, 2020, 9:00AM","13"
"Dante Pettis","SF/NYG","WR","Drop","(QTM) Tyler Dethklokett","","2","1/99","Fri Dec 4, 2020, 9:00AM","13"
"Colt McCoy","NYG","QB","Claim","(QTM) Tyler Dethklokett","5.00","1","1/99","Fri Dec 4, 2020, 9:00AM","13"
"Chase Daniel","DET","QB","Drop","(QTM) Tyler Dethklokett","","1","1/99","Fri Dec 4, 2020, 9:00AM","13"
"Keke Coutee","HOU","WR","Claim","(REYN) Sex Bob-omb and the City","25.00","1","1/99","Thu Dec 3, 2020, 9:00AM","13"
"Jordan Akins","HOU","TE","Claim","(Keyon) Quon T. Hill and the Zits","1.00","1","1/99","Thu Dec 3, 2020, 9:00AM","13"
"Olivier Vernon","CLE","DL","Drop","(Keyon) Quon T. Hill and the Zits","","1","1/99","Thu Dec 3, 2020, 9:00AM","13"
"Quinnen Williams","NYJ","DL","Claim","Figrin J'OHN and the Modal Nodes","5.00","1","1/99","Thu Dec 3, 2020, 9:00AM","13"
"Shaquil Barrett","TB","LB","Drop","Figrin J'OHN and the Modal Nodes","","1","1/99","Thu Dec 3, 2020, 9:00AM","13"
"Troy Hill","LAR","DB","Claim","(SCHX) Onederlic Life to Live","1.00","1","1/99","Thu Dec 3, 2020, 9:00AM","13"
"Robert Griffin","BAL","QB","Drop","(SCHX) Onederlic Life to Live","","1","1/99","Thu Dec 3, 2020, 9:00AM","13"
"Ashtyn Davis","NYJ","DB","Claim","(TMAN) Dr Teeth and The Electric Mayhem","1.00","2","1/99","Sun Nov 29, 2020, 9:00AM","12"
"Rex Burkhead","NE","RB","Drop","(TMAN) Dr Teeth and The Electric Mayhem","","2","1/99","Sun Nov 29, 2020, 9:00AM","12"
"Kendall Hinton","DEN","WR","Claim","Figrin J'OHN and the Modal Nodes","50.00","1","1/99","Sun Nov 29, 2020, 9:00AM","12"
"Donovan Peoples-Jones","CLE","WR","Drop","Figrin J'OHN and the Modal Nodes","","1","1/99","Sun Nov 29, 2020, 9:00AM","12"
"Jordan Wilkins","IND","RB","Claim","(QTM) Tyler Dethklokett","10.00","1","1/99","Sun Nov 29, 2020, 9:00AM","12"
"Jeremy McNichols","TEN","RB","Drop","(QTM) Tyler Dethklokett","","1","1/99","Sun Nov 29, 2020, 9:00AM","12"
"Tyler Eifert","JAX","TE","Claim","(TMAN) Dr Teeth and The Electric Mayhem","1.00","1","1/99","Sun Nov 29, 2020, 9:00AM","12"
"Greg Olsen","SEA","TE","Drop","(TMAN) Dr Teeth and The Electric Mayhem","","1","1/99","Sun Nov 29, 2020, 9:00AM","12"
"Olivier Vernon","CLE","DL","Claim","(Keyon) Quon T. Hill and the Zits","1.00","1","1/99","Sat Nov 28, 2020, 9:00AM","12"
"Myles Jack","JAX","LB","Drop","(Keyon) Quon T. Hill and the Zits","","1","1/99","Sat Nov 28, 2020, 9:00AM","12"
"Robert Griffin","BAL","QB","Claim","(SCHX) Onederlic Life to Live","3.00","1","1/99","Sat Nov 28, 2020, 9:00AM","12"
"Salvon Ahmed","MIA","RB","Drop","(SCHX) Onederlic Life to Live","","1","1/99","Sat Nov 28, 2020, 9:00AM","12"
"T.J. Edwards","PHI","LB","Claim","(pat) Crucifictorious Maids","1.00","1","1/99","Fri Nov 27, 2020, 9:00AM","12"
"Brian Poole","NYJ","DB","Drop","(pat) Crucifictorious Maids","","1","1/99","Fri Nov 27, 2020, 9:00AM","12"
"Harvey Langi","NYJ","LB","Claim","(SCHX) Onederlic Life to Live","1.00","2","1/99","Thu Nov 26, 2020, 9:00AM","12"
"Jordan Wilkins","IND","RB","Drop","(SCHX) Onederlic Life to Live","","2","1/99","Thu Nov 26, 2020, 9:00AM","12"
"Brandon Allen","CIN","QB","Claim","(Luke) The Folksmen","6.00","1","1/99","Thu Nov 26, 2020, 9:00AM","12"
"Melvin Ingram","LAC","DL","Drop","(Luke) The Folksmen","","1","1/99","Thu Nov 26, 2020, 9:00AM","12"
"Alex Singleton","PHI","LB","Claim","(REYN) Sex Bob-omb and the City","2.00","1","1/99","Thu Nov 26, 2020, 9:00AM","12"
"T.J. Edwards","PHI","LB","Drop","(REYN) Sex Bob-omb and the City","","1","1/99","Thu Nov 26, 2020, 9:00AM","12"
"Eric Wilson","MIN","LB","Claim","Cap'n Geech & The Shrimp Shaq Shooters","1.00","1","1/99","Sat Nov 21, 2020, 9:00AM","11"
"Ed Oliver","BUF","DL","Drop","Cap'n Geech & The Shrimp Shaq Shooters","","1","1/99","Sat Nov 21, 2020, 9:00AM","11"
"Rashard Higgins","CLE","WR","Claim","(Luke) The Folksmen","1.00","2","1/99","Fri Nov 20, 2020, 9:00AM","11"
"Antonio Callaway","MIA","WR","Drop","(Luke) The Folksmen","","2","1/99","Fri Nov 20, 2020, 9:00AM","11"
"Chase Daniel","DET","QB","Claim","(QTM) Tyler Dethklokett","1.00","2","1/99","Fri Nov 20, 2020, 9:00AM","11"
"Josh Jones","JAX","DB","Drop","(QTM) Tyler Dethklokett","","2","1/99","Fri Nov 20, 2020, 9:00AM","11"
"Harrison Smith","MIN","DB","Claim","(QTM) Tyler Dethklokett","2.00","1","1/99","Fri Nov 20, 2020, 9:00AM","11"
"C.J. Beathard","SF","QB","Drop","(QTM) Tyler Dethklokett","","1","1/99","Fri Nov 20, 2020, 9:00AM","11"
"Mark Ingram","BAL","RB","Claim","(Luke) The Folksmen","1.00","1","1/99","Fri Nov 20, 2020, 9:00AM","11"
"Buddy Howell","HOU","RB","Drop","(Luke) The Folksmen","","1","1/99","Fri Nov 20, 2020, 9:00AM","11"
"Nick Kwiatkoski","LV","LB","Claim","(TMAN) Dr Teeth and The Electric Mayhem","1.00","4","1/99","Thu Nov 19, 2020, 9:00AM","11"
"De'Vondre Campbell","ARI","LB","Drop","(TMAN) Dr Teeth and The Electric Mayhem","","4","1/99","Thu Nov 19, 2020, 9:00AM","11"
"Aldon Smith","DAL","DL,LB","Claim","(TMAN) Dr Teeth and The Electric Mayhem","1.00","3","1/99","Thu Nov 19, 2020, 9:00AM","11"
"Danny Trevathan","CHI","LB","Drop","(TMAN) Dr Teeth and The Electric Mayhem","","3","1/99","Thu Nov 19, 2020, 9:00AM","11"
"A.J. Klein","BUF","LB","Claim","(SCHX) Onederlic Life to Live","1.00","2","1/99","Thu Nov 19, 2020, 9:00AM","11"
"Kyzir White","LAC","LB","Drop","(SCHX) Onederlic Life to Live","","2","1/99","Thu Nov 19, 2020, 9:00AM","11"
"Zach Ertz","PHI","TE","Claim","(Luke) The Folksmen","1.00","2","1/99","Thu Nov 19, 2020, 9:00AM","11"
"Dez Bryant","BAL","WR","Drop","(Luke) The Folksmen","","2","1/99","Thu Nov 19, 2020, 9:00AM","11"
"Greg Olsen","SEA","TE","Claim","(TMAN) Dr Teeth and The Electric Mayhem","1.00","2","1/99","Thu Nov 19, 2020, 9:00AM","11"
"Ross Dwelley","SF","TE","Drop","(TMAN) Dr Teeth and The Electric Mayhem","","2","1/99","Thu Nov 19, 2020, 9:00AM","11"
"Kerryon Johnson","DET","RB","Claim","(QTM) Tyler Dethklokett","10.00","2","1/99","Thu Nov 19, 2020, 9:00AM","11"
"Raymond Calais","LAR","RB","Drop","(QTM) Tyler Dethklokett","","2","1/99","Thu Nov 19, 2020, 9:00AM","11"
"Phillip Walker","CAR","QB","Claim","(Keyon) Quon T. Hill and the Zits","1.00","1","1/99","Thu Nov 19, 2020, 9:00AM","11"
"Salvon Ahmed","MIA","RB","Claim","(SCHX) Onederlic Life to Live","42.00","1","1/99","Thu Nov 19, 2020, 9:00AM","11"
"Mark Ingram","BAL","RB","Drop","(SCHX) Onederlic Life to Live","","1","1/99","Thu Nov 19, 2020, 9:00AM","11"
"Austin Walter","SF","RB","Claim","(QTM) Tyler Dethklokett","10.00","1","1/99","Thu Nov 19, 2020, 9:00AM","11"
"Isaiah Coulter","HOU","WR","Drop","(QTM) Tyler Dethklokett","","1","1/99","Thu Nov 19, 2020, 9:00AM","11"
"T.J. Edwards","PHI","LB","Claim","(REYN) Sex Bob-omb and the City","2.00","1","1/99","Thu Nov 19, 2020, 9:00AM","11"
"Avery Williamson","NYJ/PIT","LB","Drop","(REYN) Sex Bob-omb and the City","","1","1/99","Thu Nov 19, 2020, 9:00AM","11"
"Jakeem Grant","MIA","WR","Claim","Figrin J'OHN and the Modal Nodes","20.00","1","1/99","Thu Nov 19, 2020, 9:00AM","11"
"Rashard Higgins","CLE","WR","Drop","Figrin J'OHN and the Modal Nodes","","1","1/99","Thu Nov 19, 2020, 9:00AM","11"
"Jordan Howard","MIA/PHI","RB","Drop","(REYN) Sex Bob-omb and the City","","1","1/99","Mon Nov 16, 2020, 1:07PM","11"
"Isaiah Coulter","HOU","WR","Claim","(QTM) Tyler Dethklokett","1.00","1","1/99","Mon Nov 16, 2020, 8:05PM","11"
"Austin Walter","SF","RB","Drop","(QTM) Tyler Dethklokett","","1","1/99","Mon Nov 16, 2020, 8:05PM","11"
"Austin Walter","SF","RB","Claim","(QTM) Tyler Dethklokett","22.00","1","1/99","Mon Nov 16, 2020, 9:00AM","11"
"Isaiah Coulter","HOU","WR","Drop","(QTM) Tyler Dethklokett","","1","1/99","Mon Nov 16, 2020, 9:00AM","11"
"Cairo Santos","CHI","K","Claim","(Trevor) The Greenbay Packers","1.00","1","1/99","Mon Nov 16, 2020, 9:00AM","10"
"Antonio Callaway","MIA","WR","Claim","(Luke) The Folksmen","1.00","2","1/99","Sun Nov 15, 2020, 9:00AM","10"
"Mason Rudolph","PIT","QB","Drop","(Luke) The Folksmen","","2","1/99","Sun Nov 15, 2020, 9:00AM","10"
"Buddy Howell","HOU","RB","Claim","(Luke) The Folksmen","1.00","1","1/99","Sun Nov 15, 2020, 9:00AM","10"
"Justin Jackson","LAC","RB","Drop","(Luke) The Folksmen","","1","1/99","Sun Nov 15, 2020, 9:00AM","10"
"Danny Trevathan","CHI","LB","Claim","(TMAN) Dr Teeth and The Electric Mayhem","1.00","1","1/99","Sun Nov 15, 2020, 9:00AM","10"
"Alex Highsmith","PIT","DL,LB","Drop","(TMAN) Dr Teeth and The Electric Mayhem","","1","1/99","Sun Nov 15, 2020, 9:00AM","10"
"Zane Gonzalez","ARI","K","Claim","(Trevor) The Greenbay Packers","1.00","1","1/99","Sun Nov 15, 2020, 9:00AM","10"
"Gerald Everett","LAR","TE","Claim","(QTM) Tyler Dethklokett","2.00","2","1/99","Fri Nov 13, 2020, 9:00AM","10"
"Zach Ertz","PHI","TE","Drop","(QTM) Tyler Dethklokett","","2","1/99","Fri Nov 13, 2020, 9:00AM","10"
"Kalen Ballage","NYJ/LAC","RB","Claim","(QTM) Tyler Dethklokett","2.00","1","1/99","Fri Nov 13, 2020, 9:00AM","10"
"De'Vondre Campbell","ARI","LB","Claim","(TMAN) Dr Teeth and The Electric Mayhem","1.00","1","1/99","Fri Nov 13, 2020, 9:00AM","10"
"Neville Hewitt","NYJ","LB","Drop","(TMAN) Dr Teeth and The Electric Mayhem","","1","1/99","Fri Nov 13, 2020, 9:00AM","10"
"Cody Parkey","CLE","K","Drop","(Keyon) Quon T. Hill and the Zits","","1","1/99","Thu Nov 12, 2020, 9:35AM","10"
"Myles Jack","JAX","LB","Claim","(Keyon) Quon T. Hill and the Zits","2.00","2","1/99","Thu Nov 12, 2020, 9:00AM","10"
"Christopher Herndon","NYJ","TE","Drop","(Keyon) Quon T. Hill and the Zits","","2","1/99","Thu Nov 12, 2020, 9:00AM","10"
"Avery Williamson","NYJ/PIT","LB","Claim","(REYN) Sex Bob-omb and the City","3.00","1","1/99","Thu Nov 12, 2020, 9:00AM","10"
"Vince Williams","(N/A)","LB","Drop","(REYN) Sex Bob-omb and the City","","1","1/99","Thu Nov 12, 2020, 9:00AM","10"
"Mason Rudolph","PIT","QB","Claim","(Luke) The Folksmen","1.00","1","1/99","Thu Nov 12, 2020, 9:00AM","10"
"Kyle Allen","WAS","QB","Drop","(Luke) The Folksmen","","1","1/99","Thu Nov 12, 2020, 9:00AM","10"
"Daniel Sorensen","KC","DB","Claim","(Keyon) Quon T. Hill and the Zits","2.00","1","1/99","Thu Nov 12, 2020, 9:00AM","10"
"Gerald Everett","LAR","TE","Drop","(Keyon) Quon T. Hill and the Zits","","1","1/99","Thu Nov 12, 2020, 9:00AM","10"
"Greg Olsen","SEA","TE","Drop","Cap'n Geech & The Shrimp Shaq Shooters","","1","1/99","Mon Nov 9, 2020, 8:05PM","10"
"Jordan Wilkins","IND","RB","Claim","Kelce and the Kickers (MITCH)","2.00","2","1/99","Sun Nov 8, 2020, 9:00AM","9"
"Logan Wilson","CIN","LB","Drop","Kelce and the Kickers (MITCH)","","2","1/99","Sun Nov 8, 2020, 9:00AM","9"
"Joe Flacco","NYJ","QB","Claim","Kelce and the Kickers (MITCH)","1.00","1","1/99","Sun Nov 8, 2020, 9:00AM","9"
"Darrel Williams","KC","RB","Drop","Kelce and the Kickers (MITCH)","","1","1/99","Sun Nov 8, 2020, 9:00AM","9"
"Garrett Gilbert","CLE/DAL","QB","Claim","(Trevor) The Greenbay Packers","1.00","1","1/99","Sun Nov 8, 2020, 9:00AM","9"
"Romeo Okwara","DET","DL","Claim","(pat) Crucifictorious Maids","1.00","1","1/99","Sat Nov 7, 2020, 9:00AM","9"
"Avery Williamson","NYJ/PIT","LB","Drop","(pat) Crucifictorious Maids","","1","1/99","Sat Nov 7, 2020, 9:00AM","9"
"Ben DiNucci","DAL","QB","Claim","Kelce and the Kickers (MITCH)","1.00","1","1/99","Mon Nov 2, 2020, 8:05PM","9"
"Chase Daniel","DET","QB","Drop","Kelce and the Kickers (MITCH)","","1","1/99","Mon Nov 2, 2020, 8:05PM","9"
"Alex Highsmith","PIT","DL,LB","Claim","(TMAN) Dr Teeth and The Electric Mayhem","1.00","1","1/99","Fri Nov 6, 2020, 9:00AM","9"
"Aldon Smith","DAL","DL,LB","Drop","(TMAN) Dr Teeth and The Electric Mayhem","","1","1/99","Fri Nov 6, 2020, 9:00AM","9"
"Chase Daniel","DET","QB","Claim","Kelce and the Kickers (MITCH)","2.00","2","1/99","Thu Nov 5, 2020, 9:00AM","9"
"Ben DiNucci","DAL","QB","Drop","Kelce and the Kickers (MITCH)","","2","1/99","Thu Nov 5, 2020, 9:00AM","9"
"Jordan Howard","MIA/PHI","RB","Claim","(REYN) Sex Bob-omb and the City","8.00","2","1/99","Thu Nov 5, 2020, 9:00AM","9"
"Julian Edelman","NE","WR","Drop","(REYN) Sex Bob-omb and the City","","2","1/99","Thu Nov 5, 2020, 9:00AM","9"
"Demarcus Lawrence","DAL","DL","Claim","(SCHX) Onederlic Life to Live","1.00","1","1/99","Thu Nov 5, 2020, 9:00AM","9"
"Eric Wilson","MIN","LB","Drop","(SCHX) Onederlic Life to Live","","1","1/99","Thu Nov 5, 2020, 9:00AM","9"
"Nick Mullens","SF","QB","Claim","Kelce and the Kickers (MITCH)","8.00","1","1/99","Thu Nov 5, 2020, 9:00AM","9"
"Tyler Eifert","JAX","TE","Drop","Kelce and the Kickers (MITCH)","","1","1/99","Thu Nov 5, 2020, 9:00AM","9"
"Michael Badgley","LAC","K","Claim","(REYN) Sex Bob-omb and the City","3.00","1","1/99","Thu Nov 5, 2020, 9:00AM","9"
"Robbie Gould","SF","K","Drop","(REYN) Sex Bob-omb and the City","","1","1/99","Thu Nov 5, 2020, 9:00AM","9"
"Jamie Collins","DET","LB","Claim","(pat) Crucifictorious Maids","1.00","1","1/99","Thu Nov 5, 2020, 9:00AM","9"
"Jakobi Meyers","NE","WR","Claim","(Luke) The Folksmen","3.00","1","1/99","Thu Nov 5, 2020, 9:00AM","9"
"Jason Myers","SEA","K","Drop","(Luke) The Folksmen","","1","1/99","Thu Nov 5, 2020, 9:00AM","9"
"Jordan Reed","SF","TE","Claim","(TMAN) Dr Teeth and The Electric Mayhem","2.00","1","1/99","Thu Nov 5, 2020, 9:00AM","9"
"Davion Taylor","PHI","LB","Drop","(TMAN) Dr Teeth and The Electric Mayhem","","1","1/99","Thu Nov 5, 2020, 9:00AM","9"
"Ross Dwelley","SF","TE","Claim","(TMAN) Dr Teeth and The Electric Mayhem","1.00","1","3/99","Thu Nov 5, 2020, 9:00AM","9"
"Rodney McLeod","PHI","DB","Drop","(TMAN) Dr Teeth and The Electric Mayhem","","1","3/99","Thu Nov 5, 2020, 9:00AM","9"
"Stephon Tuitt","PIT","DL","Claim","(Keyon) Quon T. Hill and the Zits","2.00","1","1/99","Thu Nov 5, 2020, 9:00AM","9"
"Logan Ryan","NYG","DB","Drop","(Keyon) Quon T. Hill and the Zits","","1","1/99","Thu Nov 5, 2020, 9:00AM","9"
"Deonte Harty","NO","WR","Claim","Figrin J'OHN and the Modal Nodes","15.00","1","1/99","Thu Nov 5, 2020, 9:00AM","9"
"Scott Miller","TB","WR","Drop","Figrin J'OHN and the Modal Nodes","","1","1/99","Thu Nov 5, 2020, 9:00AM","9"
"Ty Summers","GB","LB","Drop","(pat) Crucifictorious Maids","","1","1/99","Thu Nov 5, 2020, 7:51AM","9"
"Shaquill Griffin","SEA","DB","Drop","Figrin J'OHN and the Modal Nodes","","1","1/99","Mon Nov 2, 2020, 8:05PM","9"
"Denzel Ward","CLE","DB","Drop","Figrin J'OHN and the Modal Nodes","","1","1/99","Mon Nov 2, 2020, 8:05PM","9"
"Matt Prater","DET","K","Claim","KoMu: Ladies&Gents, the Fabulous Staches","1.00","1","1/99","Sat Oct 31, 2020, 9:00AM","8"
"Zane Gonzalez","ARI","K","Drop","KoMu: Ladies&Gents, the Fabulous Staches","","1","1/99","Sat Oct 31, 2020, 9:00AM","8"
"Davion Taylor","PHI","LB","Claim","(TMAN) Dr Teeth and The Electric Mayhem","1.00","1","1/99","Sat Oct 31, 2020, 9:00AM","8"
"Nathan Gerry","PHI","LB","Drop","(TMAN) Dr Teeth and The Electric Mayhem","","1","1/99","Sat Oct 31, 2020, 9:00AM","8"
"Greg Ward","PHI","WR","Claim","Kelce and the Kickers (MITCH)","2.00","3","1/99","Fri Oct 30, 2020, 9:00AM","8"
"Ben DiNucci","DAL","QB","Claim","Kelce and the Kickers (MITCH)","1.00","4","1/99","Fri Oct 30, 2020, 9:00AM","8"
"Jason Sanders","MIA","K","Claim","Cap'n Geech & The Shrimp Shaq Shooters","1.00","1","1/99","Fri Oct 30, 2020, 9:00AM","8"
"Ka'imi Fairbairn","HOU","K","Drop","Cap'n Geech & The Shrimp Shaq Shooters","","1","1/99","Fri Oct 30, 2020, 9:00AM","8"
"Stephen Gostkowski","TEN","K","Claim","Kelce and the Kickers (MITCH)","1.00","1","1/99","Fri Oct 30, 2020, 9:00AM","8"
"Sam Sloman","LAR/TEN","K","Drop","Kelce and the Kickers (MITCH)","","1","1/99","Fri Oct 30, 2020, 9:00AM","8"
"Rex Burkhead","NE","RB","Claim","(TMAN) Dr Teeth and The Electric Mayhem","1.00","1","1/99","Fri Oct 30, 2020, 9:00AM","8"
"Jace Sternberger","GB","TE","Drop","(TMAN) Dr Teeth and The Electric Mayhem","","1","1/99","Fri Oct 30, 2020, 9:00AM","8"
"Gerald Everett","LAR","TE","Claim","(Keyon) Quon T. Hill and the Zits","1.00","1","1/99","Fri Oct 30, 2020, 9:00AM","8"
"Darren Fells","HOU","TE","Drop","(Keyon) Quon T. Hill and the Zits","","1","1/99","Fri Oct 30, 2020, 9:00AM","8"
"Rayshawn Jenkins","LAC","DB","Claim","(SCHX) Onederlic Life to Live","1.00","1","1/99","Fri Oct 30, 2020, 9:00AM","8"
"D'Ernest Johnson","CLE","RB","Drop","(SCHX) Onederlic Life to Live","","1","1/99","Fri Oct 30, 2020, 9:00AM","8"
"Landon Collins","WAS","DB","Drop","(SCHX) Onederlic Life to Live","","1","1/99","Mon Oct 26, 2020, 8:05PM","8"
"Devine Ozigbo","JAX","RB","Drop","(SCHX) Onederlic Life to Live","","1","1/99","Mon Oct 26, 2020, 8:05PM","8"
"Nelson Agholor","LV","WR","Claim","Figrin J'OHN and the Modal Nodes","5.00","6","1/99","Thu Oct 29, 2020, 9:00AM","8"
"De'Vondre Campbell","ARI","LB","Drop","Figrin J'OHN and the Modal Nodes","","6","1/99","Thu Oct 29, 2020, 9:00AM","8"
"Malcolm Butler","TEN","DB","Claim","Figrin J'OHN and the Modal Nodes","5.00","3","1/99","Thu Oct 29, 2020, 9:00AM","8"
"Dante Fowler","ATL","DL,LB","Drop","Figrin J'OHN and the Modal Nodes","","3","1/99","Thu Oct 29, 2020, 9:00AM","8"
"Malcolm Jenkins","NO","DB","Claim","(Luke) The Folksmen","1.00","3","1/99","Thu Oct 29, 2020, 9:00AM","8"
"Justin Reid","HOU","DB","Drop","(Luke) The Folksmen","","3","1/99","Thu Oct 29, 2020, 9:00AM","8"
"Bobby Okereke","IND","LB","Claim","Kelce and the Kickers (MITCH)","2.00","3","1/99","Thu Oct 29, 2020, 9:00AM","8"
"Robert Spillane","PIT","LB","Drop","Kelce and the Kickers (MITCH)","","3","1/99","Thu Oct 29, 2020, 9:00AM","8"
"Donovan Peoples-Jones","CLE","WR","Claim","Figrin J'OHN and the Modal Nodes","15.00","2","1/99","Thu Oct 29, 2020, 9:00AM","8"
"Myles Jack","JAX","LB","Drop","Figrin J'OHN and the Modal Nodes","","2","1/99","Thu Oct 29, 2020, 9:00AM","8"
"Rodney McLeod","PHI","DB","Claim","(TMAN) Dr Teeth and The Electric Mayhem","1.00","2","1/99","Thu Oct 29, 2020, 9:00AM","8"
"Kenny Vaccaro","TEN","DB","Drop","(TMAN) Dr Teeth and The Electric Mayhem","","2","1/99","Thu Oct 29, 2020, 9:00AM","8"
"Jason Pierre-Paul","TB","LB","Claim","(Luke) The Folksmen","1.00","2","1/99","Thu Oct 29, 2020, 9:00AM","8"
"Matt Milano","BUF","LB","Drop","(Luke) The Folksmen","","2","1/99","Thu Oct 29, 2020, 9:00AM","8"
"Harrison Bryant","CLE","TE","Claim","Kelce and the Kickers (MITCH)","2.00","2","1/99","Thu Oct 29, 2020, 9:00AM","8"
"Josh Bynes","CIN","LB","Drop","Kelce and the Kickers (MITCH)","","2","1/99","Thu Oct 29, 2020, 9:00AM","8"
"Vince Williams","(N/A)","LB","Claim","(REYN) Sex Bob-omb and the City","4.00","2","1/99","Thu Oct 29, 2020, 9:00AM","8"
"Stephon Tuitt","PIT","DL","Drop","(REYN) Sex Bob-omb and the City","","2","1/99","Thu Oct 29, 2020, 9:00AM","8"
"Montez Sweat","WAS","DL,LB","Claim","Figrin J'OHN and the Modal Nodes","4.00","5","1/99","Thu Oct 29, 2020, 9:00AM","8"
"Shelby Harris","DEN","DL","Drop","Figrin J'OHN and the Modal Nodes","","5","1/99","Thu Oct 29, 2020, 9:00AM","8"
"Rashard Higgins","CLE","WR","Claim","Figrin J'OHN and the Modal Nodes","10.00","4","1/99","Thu Oct 29, 2020, 9:00AM","8"
"Keanu Neal","ATL","DB","Claim","KoMu: Ladies&Gents, the Fabulous Staches","1.00","1","1/99","Thu Oct 29, 2020, 9:00AM","8"
"Chris Jones","KC","DL","Drop","KoMu: Ladies&Gents, the Fabulous Staches","","1","1/99","Thu Oct 29, 2020, 9:00AM","8"
"Neville Hewitt","NYJ","LB","Claim","(TMAN) Dr Teeth and The Electric Mayhem","1.00","1","1/99","Thu Oct 29, 2020, 9:00AM","8"
"Devin Bush","PIT","LB","Drop","(TMAN) Dr Teeth and The Electric Mayhem","","1","1/99","Thu Oct 29, 2020, 9:00AM","8"
"Melvin Ingram","LAC","DL","Claim","(Luke) The Folksmen","1.00","1","1/99","Thu Oct 29, 2020, 9:00AM","8"
"Justin Houston","IND","DL","Drop","(Luke) The Folksmen","","1","1/99","Thu Oct 29, 2020, 9:00AM","8"
"Scott Miller","TB","WR","Claim","Figrin J'OHN and the Modal Nodes","10.00","1","1/99","Thu Oct 29, 2020, 9:00AM","8"
"Chase Winovich","NE","DL","Drop","Figrin J'OHN and the Modal Nodes","","1","1/99","Thu Oct 29, 2020, 9:00AM","8"
"Odell Beckham","CLE","WR","Drop","Figrin J'OHN and the Modal Nodes","","1","1/99","Mon Oct 26, 2020, 7:29AM","8"
"Mike Glennon","JAX","QB","Claim","KoMu: Ladies&Gents, the Fabulous Staches","1.00","1","1/99","Sun Oct 25, 2020, 9:00AM","7"
"Dalton Keene","NE","TE","Drop","KoMu: Ladies&Gents, the Fabulous Staches","","1","1/99","Sun Oct 25, 2020, 9:00AM","7"
"Devine Ozigbo","JAX","RB","Claim","(SCHX) Onederlic Life to Live","1.00","1","1/99","Sun Oct 25, 2020, 9:00AM","7"
"Kerry Hyder","SF","DL","Drop","(SCHX) Onederlic Life to Live","","1","1/99","Sun Oct 25, 2020, 9:00AM","7"
"Darren Fells","HOU","TE","Claim","(Keyon) Quon T. Hill and the Zits","1.00","1","1/99","Sat Oct 24, 2020, 9:00AM","7"
"Marcus Maye","NYJ","DB","Drop","(Keyon) Quon T. Hill and the Zits","","1","1/99","Sat Oct 24, 2020, 9:00AM","7"
"Emmanuel Ogbah","MIA","DL","Claim","(REYN) Sex Bob-omb and the City","1.00","1","1/99","Fri Oct 23, 2020, 9:00AM","7"
"Danielle Hunter","MIN","DL","Drop","(REYN) Sex Bob-omb and the City","","1","1/99","Fri Oct 23, 2020, 9:00AM","7"
"Robert Spillane","PIT","LB","Claim","Kelce and the Kickers (MITCH)","1.00","1","1/99","Fri Oct 23, 2020, 9:00AM","7"
"Mike Boone","MIN","RB","Drop","Kelce and the Kickers (MITCH)","","1","1/99","Fri Oct 23, 2020, 9:00AM","7"
"Josey Jewell","DEN","LB","Claim","(TMAN) Dr Teeth and The Electric Mayhem","1.00","1","1/99","Fri Oct 23, 2020, 9:00AM","7"
"Nick Mullens","SF","QB","Drop","(TMAN) Dr Teeth and The Electric Mayhem","","1","1/99","Fri Oct 23, 2020, 9:00AM","7"
"Dre Greenlaw","SF","LB","Claim","(REYN) Sex Bob-omb and the City","1.00","3","1/99","Thu Oct 22, 2020, 9:00AM","7"
"Jamie Collins","DET","LB","Drop","(REYN) Sex Bob-omb and the City","","3","1/99","Thu Oct 22, 2020, 9:00AM","7"
"Devontae Booker","LV","RB","Claim","(SCHX) Onederlic Life to Live","1.00","2","1/99","Thu Oct 22, 2020, 9:00AM","7"
"Stephen Gostkowski","TEN","K","Drop","(SCHX) Onederlic Life to Live","","2","1/99","Thu Oct 22, 2020, 9:00AM","7"
"Dez Bryant","BAL","WR","Claim","(Luke) The Folksmen","5.00","5","1/99","Thu Oct 22, 2020, 9:00AM","7"
"Drew Sample","CIN","TE","Drop","(Luke) The Folksmen","","5","1/99","Thu Oct 22, 2020, 9:00AM","7"
"Kenny Vaccaro","TEN","DB","Claim","(TMAN) Dr Teeth and The Electric Mayhem","1.00","2","1/99","Thu Oct 22, 2020, 9:00AM","7"
"Matt Prater","DET","K","Drop","(TMAN) Dr Teeth and The Electric Mayhem","","2","1/99","Thu Oct 22, 2020, 9:00AM","7"
"Stephon Tuitt","PIT","DL","Claim","(REYN) Sex Bob-omb and the City","1.00","2","1/99","Thu Oct 22, 2020, 9:00AM","7"
"Akiem Hicks","CHI","DL","Drop","(REYN) Sex Bob-omb and the City","","2","1/99","Thu Oct 22, 2020, 9:00AM","7"
"Jeremy McNichols","TEN","RB","Claim","(QTM) Tyler Dethklokett","1.00","2","1/99","Thu Oct 22, 2020, 9:00AM","7"
"Avery Williamson","NYJ/PIT","LB","Claim","(pat) Crucifictorious Maids","1.00","2","1/99","Thu Oct 22, 2020, 9:00AM","7"
"Joe Thomas","DAL","LB","Drop","(pat) Crucifictorious Maids","","2","1/99","Thu Oct 22, 2020, 9:00AM","7"
"Antonio Brown","NE/TB","WR","Claim","(Luke) The Folksmen","8.00","4","1/99","Thu Oct 22, 2020, 9:00AM","7"
"Joe Flacco","NYJ","QB","Drop","(Luke) The Folksmen","","4","1/99","Thu Oct 22, 2020, 9:00AM","7"
"Richard Rodgers","PHI","TE","Claim","(QTM) Tyler Dethklokett","1.00","1","1/99","Thu Oct 22, 2020, 9:00AM","7"
"Jeff Driskel","DEN","QB","Drop","(QTM) Tyler Dethklokett","","1","1/99","Thu Oct 22, 2020, 9:00AM","7"
"Jason Myers","SEA","K","Claim","(Luke) The Folksmen","1.00","1","1/99","Thu Oct 22, 2020, 9:00AM","7"
"Jordan Howard","MIA/PHI","RB","Drop","(Luke) The Folksmen","","1","1/99","Thu Oct 22, 2020, 9:00AM","7"
"Brandon Graham","PHI","DL","Claim","(pat) Crucifictorious Maids","1.00","1","1/99","Thu Oct 22, 2020, 9:00AM","7"
"Everson Griffen","DAL/DET","DL","Drop","(pat) Crucifictorious Maids","","1","1/99","Thu Oct 22, 2020, 9:00AM","7"
"Logan Ryan","NYG","DB","Claim","(Keyon) Quon T. Hill and the Zits","1.00","1","1/99","Thu Oct 22, 2020, 9:00AM","7"
"Harrison Smith","MIN","DB","Drop","(Keyon) Quon T. Hill and the Zits","","1","1/99","Thu Oct 22, 2020, 9:00AM","7"
"Chris Jones","KC","DL","Claim","KoMu: Ladies&Gents, the Fabulous Staches","1.00","1","1/99","Mon Oct 19, 2020, 9:00AM","6"
"Joe Reed","LAC","WR","Drop","KoMu: Ladies&Gents, the Fabulous Staches","","1","1/99","Mon Oct 19, 2020, 9:00AM","6"
"Khalil Mack","CHI","LB","Claim","Kelce and the Kickers (MITCH)","1.00","6","1/99","Sun Oct 18, 2020, 9:00AM","6"
"Jadeveon Clowney","TEN","DL","Drop","Kelce and the Kickers (MITCH)","","6","1/99","Sun Oct 18, 2020, 9:00AM","6"
"Mike Boone","MIN","RB","Claim","Kelce and the Kickers (MITCH)","1.00","4","1/99","Sun Oct 18, 2020, 9:00AM","6"
"Peyton Barber","WAS","RB","Drop","Kelce and the Kickers (MITCH)","","4","1/99","Sun Oct 18, 2020, 9:00AM","6"
"Josh Jones","JAX","DB","Claim","(QTM) Tyler Dethklokett","1.00","1","1/99","Sun Oct 18, 2020, 9:00AM","6"
"Sam Hubbard","CIN","DL","Drop","(QTM) Tyler Dethklokett","","1","1/99","Sun Oct 18, 2020, 9:00AM","6"
"Cameron Brate","TB","TE","Claim","Kelce and the Kickers (MITCH)","2.00","1","1/99","Sun Oct 18, 2020, 9:00AM","6"
"Cody Parkey","CLE","K","Claim","(Keyon) Quon T. Hill and the Zits","1.00","1","1/99","Sun Oct 18, 2020, 9:00AM","6"
"Greg Ward","PHI","WR","Drop","(Keyon) Quon T. Hill and the Zits","","1","1/99","Sun Oct 18, 2020, 9:00AM","6"
"Kerryon Johnson","DET","RB","Drop","Kelce and the Kickers (MITCH)","","1","1/99","Sun Oct 18, 2020, 5:54AM","6"
"Ty Summers","GB","LB","Claim","(pat) Crucifictorious Maids","1.00","2","1/99","Fri Oct 16, 2020, 9:00AM","6"
"Benardrick McKinney","HOU","LB","Drop","(pat) Crucifictorious Maids","","2","1/99","Fri Oct 16, 2020, 9:00AM","6"
"Brandon McManus","DEN","K","Claim","(pat) Crucifictorious Maids","1.00","1","1/99","Fri Oct 16, 2020, 9:00AM","6"
"Jason Myers","SEA","K","Drop","(pat) Crucifictorious Maids","","1","1/99","Fri Oct 16, 2020, 9:00AM","6"
"Shaquill Griffin","SEA","DB","Claim","Figrin J'OHN and the Modal Nodes","1.00","5","1/99","Thu Oct 15, 2020, 9:00AM","6"
"Andrew Sendejo","CLE","DB","Drop","Figrin J'OHN and the Modal Nodes","","5","1/99","Thu Oct 15, 2020, 9:00AM","6"
"Shelby Harris","DEN","DL","Claim","Figrin J'OHN and the Modal Nodes","1.00","4","1/99","Thu Oct 15, 2020, 9:00AM","6"
"Minkah Fitzpatrick","PIT","DB","Drop","Figrin J'OHN and the Modal Nodes","","4","1/99","Thu Oct 15, 2020, 9:00AM","6"
"Foyesade Oluokun","ATL","LB","Claim","Figrin J'OHN and the Modal Nodes","1.00","3","1/99","Thu Oct 15, 2020, 9:00AM","6"
"Tahir Whitehead","CAR","LB","Drop","Figrin J'OHN and the Modal Nodes","","3","1/99","Thu Oct 15, 2020, 9:00AM","6"
"B.J. Goodson","CLE","LB","Claim","Figrin J'OHN and the Modal Nodes","1.00","2","1/99","Thu Oct 15, 2020, 9:00AM","6"
"Patrick Onwuasor","NYJ","LB","Drop","Figrin J'OHN and the Modal Nodes","","2","1/99","Thu Oct 15, 2020, 9:00AM","6"
"Stephen Gostkowski","TEN","K","Claim","(SCHX) Onederlic Life to Live","1.00","1","1/99","Thu Oct 15, 2020, 9:00AM","6"
"Cory Littleton","LV","LB","Drop","(SCHX) Onederlic Life to Live","","1","1/99","Thu Oct 15, 2020, 9:00AM","6"
"Travis Fulgham","PHI","WR","Claim","(REYN) Sex Bob-omb and the City","8.00","1","1/99","Thu Oct 15, 2020, 9:00AM","6"
"Scott Miller","TB","WR","Drop","(REYN) Sex Bob-omb and the City","","1","1/99","Thu Oct 15, 2020, 9:00AM","6"
"Trey Burton","IND","TE","Claim","(REYN) Sex Bob-omb and the City","2.00","1","2/99","Thu Oct 15, 2020, 9:00AM","6"
"Mo Alie-Cox","IND","TE","Drop","(REYN) Sex Bob-omb and the City","","1","2/99","Thu Oct 15, 2020, 9:00AM","6"
"Jamie Collins","DET","LB","Claim","(REYN) Sex Bob-omb and the City","1.00","1","3/99","Thu Oct 15, 2020, 9:00AM","6"
"Kwon Alexander","SF/NO","LB","Drop","(REYN) Sex Bob-omb and the City","","1","3/99","Thu Oct 15, 2020, 9:00AM","6"
"Tyrell Adams","HOU","LB","Claim","(Keyon) Quon T. Hill and the Zits","3.00","1","1/99","Thu Oct 15, 2020, 9:00AM","6"
"Steven Sims","WAS","WR","Drop","(Keyon) Quon T. Hill and the Zits","","1","1/99","Thu Oct 15, 2020, 9:00AM","6"
"Chase Winovich","NE","DL","Claim","Figrin J'OHN and the Modal Nodes","1.00","1","1/99","Thu Oct 15, 2020, 9:00AM","6"
"Chandler Jones","ARI","LB","Drop","Figrin J'OHN and the Modal Nodes","","1","1/99","Thu Oct 15, 2020, 9:00AM","6"
"Jalen Guyton","LAC","WR","Claim","(pat) Crucifictorious Maids","1.00","2","2/99","Sun Oct 11, 2020, 9:00AM","5"
"Blake Jarwin","DAL","TE","Drop","(pat) Crucifictorious Maids","","2","2/99","Sun Oct 11, 2020, 9:00AM","5"
"Joe Thomas","DAL","LB","Claim","(pat) Crucifictorious Maids","1.00","1","2/99","Sun Oct 11, 2020, 9:00AM","5"
"Corey Clement","PHI","RB","Drop","(pat) Crucifictorious Maids","","1","2/99","Sun Oct 11, 2020, 9:00AM","5"
"Mike Hilton","PIT","DB","Claim","KoMu: Ladies&Gents, the Fabulous Staches","1.00","1","1/99","Sun Oct 11, 2020, 9:00AM","5"
"James Proche","BAL","WR","Drop","KoMu: Ladies&Gents, the Fabulous Staches","","1","1/99","Sun Oct 11, 2020, 9:00AM","5"
"Alex Smith","WAS","QB","Claim","(REYN) Sex Bob-omb and the City","4.00","1","1/99","Sun Oct 11, 2020, 9:00AM","5"
"B.J. Goodson","CLE","LB","Drop","(REYN) Sex Bob-omb and the City","","1","1/99","Sun Oct 11, 2020, 9:00AM","5"
"Sam Sloman","LAR/TEN","K","Claim","Kelce and the Kickers (MITCH)","1.00","1","1/99","Sun Oct 11, 2020, 9:00AM","5"
"Wayne Gallman","NYG","RB","Claim","Cap'n Geech & The Shrimp Shaq Shooters","1.00","1","1/99","Sun Oct 11, 2020, 9:00AM","5"
"Brian Hoyer","NE","QB","Drop","Cap'n Geech & The Shrimp Shaq Shooters","","1","1/99","Sun Oct 11, 2020, 9:00AM","5"
"Brian Poole","NYJ","DB","Claim","(pat) Crucifictorious Maids","1.00","1","1/1","Sun Oct 11, 2020, 9:00AM","5"
"Tim Patrick","DEN","WR","Claim","KoMu: Ladies&Gents, the Fabulous Staches","1.00","1","1/99","Fri Oct 9, 2020, 9:00AM","5"
"Chris Thompson","JAX","RB","Drop","KoMu: Ladies&Gents, the Fabulous Staches","","1","1/99","Fri Oct 9, 2020, 9:00AM","5"
"Younghoe Koo","ATL","K","Claim","(TMAN) Dr Teeth and The Electric Mayhem","1.00","1","1/99","Fri Oct 9, 2020, 9:00AM","5"
"Josh Hines-Allen","JAX","DL","Drop","(TMAN) Dr Teeth and The Electric Mayhem","","1","1/99","Fri Oct 9, 2020, 9:00AM","5"
"D'Ernest Johnson","CLE","RB","Claim","(SCHX) Onederlic Life to Live","1.00","1","1/99","Fri Oct 9, 2020, 9:00AM","5"
"Larry Fitzgerald","ARI","WR","Drop","(SCHX) Onederlic Life to Live","","1","1/99","Fri Oct 9, 2020, 9:00AM","5"
"Danny Trevathan","CHI","LB","Drop","(pat) Crucifictorious Maids","","1","1/99","Thu Oct 8, 2020, 9:20AM","5"
"Joe Flacco","NYJ","QB","Claim","(Luke) The Folksmen","2.00","4","1/99","Thu Oct 8, 2020, 9:00AM","5"
"Colt McCoy","NYG","QB","Drop","(Luke) The Folksmen","","4","1/99","Thu Oct 8, 2020, 9:00AM","5"
"Drew Sample","CIN","TE","Claim","(Luke) The Folksmen","2.00","3","1/99","Thu Oct 8, 2020, 9:00AM","5"
"Germaine Pratt","CIN","LB","Drop","(Luke) The Folksmen","","3","1/99","Thu Oct 8, 2020, 9:00AM","5"
"Scott Miller","TB","WR","Claim","(REYN) Sex Bob-omb and the City","6.00","1","1/99","Thu Oct 8, 2020, 9:00AM","5"
"James Washington","PIT","WR","Drop","(REYN) Sex Bob-omb and the City","","1","1/99","Thu Oct 8, 2020, 9:00AM","5"
"Tyler Eifert","JAX","TE","Claim","Kelce and the Kickers (MITCH)","1.00","1","1/99","Thu Oct 8, 2020, 9:00AM","5"
"Justin Jackson","LAC","RB","Claim","(Luke) The Folksmen","5.00","1","1/99","Thu Oct 8, 2020, 9:00AM","5"
"Jordan Wilkins","IND","RB","Drop","(Luke) The Folksmen","","1","1/99","Thu Oct 8, 2020, 9:00AM","5"
"Ryan Succop","TB","K","Claim","(TMAN) Dr Teeth and The Electric Mayhem","1.00","1","1/99","Thu Oct 8, 2020, 9:00AM","5"
"Kenny Vaccaro","TEN","DB","Drop","(TMAN) Dr Teeth and The Electric Mayhem","","1","1/99","Thu Oct 8, 2020, 9:00AM","5"
"Kyzir White","LAC","LB","Claim","(SCHX) Onederlic Life to Live","1.00","1","1/99","Thu Oct 8, 2020, 9:00AM","5"
"Keanu Neal","ATL","DB","Drop","(SCHX) Onederlic Life to Live","","1","1/99","Thu Oct 8, 2020, 9:00AM","5"
"Jeffery Simmons","TEN","DL","Drop","Figrin J'OHN and the Modal Nodes","","1","1/99","Mon Oct 5, 2020, 8:05PM","5"
"Stephon Gilmore","NE","DB","Drop","Figrin J'OHN and the Modal Nodes","","1","1/99","Mon Oct 5, 2020, 8:05PM","5"
"Jack Doyle","IND","TE","Drop","(REYN) Sex Bob-omb and the City","","1","1/99","Mon Oct 5, 2020, 8:05PM","5"
"Brian Hoyer","NE","QB","Claim","Cap'n Geech & The Shrimp Shaq Shooters","2.00","3","1/99","Sun Oct 4, 2020, 9:00AM","4"
"Rashan Gary","GB","LB","Drop","Cap'n Geech & The Shrimp Shaq Shooters","","3","1/99","Sun Oct 4, 2020, 9:00AM","4"
"Greg Olsen","SEA","TE","Claim","Cap'n Geech & The Shrimp Shaq Shooters","1.00","2","1/99","Sun Oct 4, 2020, 9:00AM","4"
"Rex Burkhead","NE","RB","Drop","Cap'n Geech & The Shrimp Shaq Shooters","","2","1/99","Sun Oct 4, 2020, 9:00AM","4"
"Sam Hubbard","CIN","DL","Claim","(QTM) Tyler Dethklokett","1.00","2","1/99","Sun Oct 4, 2020, 9:00AM","4"
"C.J. Beathard","SF","QB","Claim","(QTM) Tyler Dethklokett","1.00","1","1/99","Sun Oct 4, 2020, 9:00AM","4"
"Devin Funchess","GB","WR","Drop","(QTM) Tyler Dethklokett","","1","1/99","Sun Oct 4, 2020, 9:00AM","4"
"Jeff Okudah","DET","DB","Claim","Cap'n Geech & The Shrimp Shaq Shooters","1.00","1","1/99","Sun Oct 4, 2020, 9:00AM","4"
"Derwin James","LAC","DB","Drop","Cap'n Geech & The Shrimp Shaq Shooters","","1","1/99","Sun Oct 4, 2020, 9:00AM","4"
"Robert Tonyan","GB","TE","Claim","(Keyon) Quon T. Hill and the Zits","1.00","1","1/99","Sun Oct 4, 2020, 9:00AM","4"
"Michael Badgley","LAC","K","Drop","(Keyon) Quon T. Hill and the Zits","","1","1/99","Sun Oct 4, 2020, 9:00AM","4"
"Kyle Allen","WAS","QB","Claim","(Luke) The Folksmen","1.00","2","1/99","Sat Oct 3, 2020, 9:00AM","4"
"J.J. Arcega-Whiteside","PHI","WR","Drop","(Luke) The Folksmen","","2","1/99","Sat Oct 3, 2020, 9:00AM","4"
"Justin Reid","HOU","DB","Claim","(Luke) The Folksmen","1.00","1","1/99","Sat Oct 3, 2020, 9:00AM","4"
"Deon Cain","PIT","WR","Drop","(Luke) The Folksmen","","1","1/99","Sat Oct 3, 2020, 9:00AM","4"
"Greg Ward","PHI","WR","Claim","(Keyon) Quon T. Hill and the Zits","1.00","1","1/99","Sat Oct 3, 2020, 9:00AM","4"
"Dan Arnold","ARI","TE","Drop","(Keyon) Quon T. Hill and the Zits","","1","1/99","Sat Oct 3, 2020, 9:00AM","4"
"B.J. Goodson","CLE","LB","Claim","(REYN) Sex Bob-omb and the City","1.00","1","1/99","Fri Oct 2, 2020, 9:00AM","4"
"Jauan Jennings","SF","WR","Drop","(QTM) Tyler Dethklokett","","1","1/99","Fri Oct 2, 2020, 7:32AM","4"
"Bradley Chubb","DEN","LB","Drop","(REYN) Sex Bob-omb and the City","","1","1/99","Thu Oct 1, 2020, 9:40AM","4"
"Rodrigo Blankenship","IND","K","Claim","(Keyon) Quon T. Hill and the Zits","1.00","2","1/99","Thu Oct 1, 2020, 9:00AM","4"
"Younghoe Koo","ATL","K","Drop","(Keyon) Quon T. Hill and the Zits","","2","1/99","Thu Oct 1, 2020, 9:00AM","4"
"Justin Houston","IND","DL","Claim","(Luke) The Folksmen","1.00","5","1/99","Thu Oct 1, 2020, 9:00AM","4"
"Trayveon Williams","CIN","RB","Drop","(Luke) The Folksmen","","5","1/99","Thu Oct 1, 2020, 9:00AM","4"
"Joey Slye","CAR","K","Claim","Figrin J'OHN and the Modal Nodes","1.00","2","1/2","Thu Oct 1, 2020, 9:00AM","4"
"Jordan Howard","MIA/PHI","RB","Claim","(Luke) The Folksmen","1.00","2","1/99","Thu Oct 1, 2020, 9:00AM","4"
"T.J. Logan","TB","RB","Drop","(Luke) The Folksmen","","2","1/99","Thu Oct 1, 2020, 9:00AM","4"
"Cole Beasley","BUF","WR","Claim","KoMu: Ladies&Gents, the Fabulous Staches","1.00","3","1/99","Thu Oct 1, 2020, 9:00AM","4"
"Willie Snead","BAL","WR","Drop","KoMu: Ladies&Gents, the Fabulous Staches","","3","1/99","Thu Oct 1, 2020, 9:00AM","4"
"Dalton Schultz","DAL","TE","Claim","KoMu: Ladies&Gents, the Fabulous Staches","1.00","2","1/99","Thu Oct 1, 2020, 9:00AM","4"
"Equanimeous St. Brown","GB","WR","Drop","KoMu: Ladies&Gents, the Fabulous Staches","","2","1/99","Thu Oct 1, 2020, 9:00AM","4"
"Matt Milano","BUF","LB","Claim","(Luke) The Folksmen","1.00","3","1/99","Thu Oct 1, 2020, 9:00AM","4"
"Jahlani Tavai","DET","LB","Drop","(Luke) The Folksmen","","3","1/99","Thu Oct 1, 2020, 9:00AM","4"
"Mo Alie-Cox","IND","TE","Claim","(REYN) Sex Bob-omb and the City","8.00","1","1/99","Thu Oct 1, 2020, 9:00AM","4"
"Jalen Richard","LV","RB","Drop","(REYN) Sex Bob-omb and the City","","1","1/99","Thu Oct 1, 2020, 9:00AM","4"
"Akiem Hicks","CHI","DL","Claim","(REYN) Sex Bob-omb and the City","4.00","1","2/99","Thu Oct 1, 2020, 9:00AM","4"
"Trey Flowers","DET","DL","Drop","(REYN) Sex Bob-omb and the City","","1","2/99","Thu Oct 1, 2020, 9:00AM","4"
"Tyrann Mathieu","KC","DB","Claim","(Luke) The Folksmen","1.00","1","1/99","Thu Oct 1, 2020, 9:00AM","4"
"Brandon Jones","MIA","DB","Drop","(Luke) The Folksmen","","1","1/99","Thu Oct 1, 2020, 9:00AM","4"
"Chuck Clark","BAL","DB","Claim","(TMAN) Dr Teeth and The Electric Mayhem","1.00","1","1/99","Thu Oct 1, 2020, 9:00AM","4"
"Jordan Reed","SF","TE","Drop","(TMAN) Dr Teeth and The Electric Mayhem","","1","1/99","Thu Oct 1, 2020, 9:00AM","4"
"Daniel Carlson","LV","K","Claim","Figrin J'OHN and the Modal Nodes","1.00","1","1/2","Thu Oct 1, 2020, 9:00AM","4"
"Kerry Hyder","SF","DL","Claim","(SCHX) Onederlic Life to Live","1.00","1","1/99","Thu Oct 1, 2020, 9:00AM","4"
"Darwin Thompson","KC","RB","Drop","(SCHX) Onederlic Life to Live","","1","1/99","Thu Oct 1, 2020, 9:00AM","4"
"Austin Seibert","CLE/CIN","K","Drop","Figrin J'OHN and the Modal Nodes","","1","1/99","Thu Oct 1, 2020, 8:44AM","4"
"Courtland Sutton","DEN","WR","Drop","Figrin J'OHN and the Modal Nodes","","1","1/99","Thu Oct 1, 2020, 6:35AM","4"
"Trey Flowers","DET","DL","Claim","(REYN) Sex Bob-omb and the City","1.00","1","1/99","Mon Sep 28, 2020, 8:05PM","4"
"Carl Lawson","CIN","DL","Drop","(REYN) Sex Bob-omb and the City","","1","1/99","Mon Sep 28, 2020, 8:05PM","4"
"Jalen Richard","LV","RB","Claim","(REYN) Sex Bob-omb and the City","10.00","1","1/99","Mon Sep 28, 2020, 8:05PM","4"
"Mo Alie-Cox","IND","TE","Drop","(REYN) Sex Bob-omb and the City","","1","1/99","Mon Sep 28, 2020, 8:05PM","4"
"Mo Alie-Cox","IND","TE","Claim","(REYN) Sex Bob-omb and the City","5.00","2","1/99","Mon Sep 28, 2020, 9:00AM","4"
"Jalen Richard","LV","RB","Drop","(REYN) Sex Bob-omb and the City","","2","1/99","Mon Sep 28, 2020, 9:00AM","4"
"Carl Lawson","CIN","DL","Claim","(REYN) Sex Bob-omb and the City","3.00","1","1/99","Mon Sep 28, 2020, 9:00AM","4"
"Trey Flowers","DET","DL","Drop","(REYN) Sex Bob-omb and the City","","1","1/99","Mon Sep 28, 2020, 9:00AM","4"
"Rex Burkhead","NE","RB","Claim","Cap'n Geech & The Shrimp Shaq Shooters","1.00","1","1/99","Sun Sep 27, 2020, 9:00AM","3"
"Ito Smith","ATL","RB","Drop","Cap'n Geech & The Shrimp Shaq Shooters","","1","1/99","Sun Sep 27, 2020, 9:00AM","3"
"Kenny Vaccaro","TEN","DB","Claim","(TMAN) Dr Teeth and The Electric Mayhem","1.00","1","1/99","Sun Sep 27, 2020, 9:00AM","3"
"Darnell Savage","GB","DB","Drop","(TMAN) Dr Teeth and The Electric Mayhem","","1","1/99","Sun Sep 27, 2020, 9:00AM","3"
"Jordan Reed","SF","TE","Claim","(TMAN) Dr Teeth and The Electric Mayhem","1.00","1","2/99","Sun Sep 27, 2020, 9:00AM","3"
"Kenny Stills","HOU","WR","Drop","(TMAN) Dr Teeth and The Electric Mayhem","","1","2/99","Sun Sep 27, 2020, 9:00AM","3"
"Jon Bostic","WAS","LB","Claim","KoMu: Ladies&Gents, the Fabulous Staches","1.00","1","1/99","Thu Sep 24, 2020, 9:00AM","3"
"Jarrad Davis","DET","LB","Drop","KoMu: Ladies&Gents, the Fabulous Staches","","1","1/99","Thu Sep 24, 2020, 9:00AM","3"
"Eric Wilson","MIN","LB","Claim","(SCHX) Onederlic Life to Live","2.00","5","1/99","Thu Sep 24, 2020, 9:00AM","3"
"Malik Harrison","BAL","LB","Drop","(SCHX) Onederlic Life to Live","","5","1/99","Thu Sep 24, 2020, 9:00AM","3"
"Darwin Thompson","KC","RB","Claim","(SCHX) Onederlic Life to Live","1.00","2","1/99","Thu Sep 24, 2020, 9:00AM","3"
"Chase Daniel","DET","QB","Drop","(SCHX) Onederlic Life to Live","","2","1/99","Thu Sep 24, 2020, 9:00AM","3"
"Myles Gaskin","MIA","RB","Claim","(Keyon) Quon T. Hill and the Zits","3.00","1","1/99","Thu Sep 24, 2020, 9:00AM","3"
"Greg Olsen","SEA","TE","Drop","(Keyon) Quon T. Hill and the Zits","","1","1/99","Thu Sep 24, 2020, 9:00AM","3"
"Jeffery Wilson","SF","RB","Claim","Kelce and the Kickers (MITCH)","16.00","1","1/99","Thu Sep 24, 2020, 9:00AM","3"
"Jordan Howard","MIA/PHI","RB","Drop","Kelce and the Kickers (MITCH)","","1","1/99","Thu Sep 24, 2020, 9:00AM","3"
"Keelan Cole","JAX","WR","Claim","Kelce and the Kickers (MITCH)","8.00","2","1/99","Thu Sep 24, 2020, 9:00AM","3"
"Mike Boone","MIN","RB","Drop","Kelce and the Kickers (MITCH)","","2","1/99","Thu Sep 24, 2020, 9:00AM","3"
"Jeff Driskel","DEN","QB","Claim","(QTM) Tyler Dethklokett","4.00","1","1/99","Thu Sep 24, 2020, 9:00AM","3"
"Anthony Gordon","(N/A)","QB","Drop","(QTM) Tyler Dethklokett","","1","1/99","Thu Sep 24, 2020, 9:00AM","3"
"De'Vondre Campbell","ARI","LB","Claim","Figrin J'OHN and the Modal Nodes","1.00","1","1/99","Thu Sep 24, 2020, 9:00AM","3"
"Kenny Stills","HOU","WR","Claim","(TMAN) Dr Teeth and The Electric Mayhem","13.00","1","1/99","Mon Sep 21, 2020, 8:05PM","3"
"David Njoku","CLE","TE","Drop","(TMAN) Dr Teeth and The Electric Mayhem","","1","1/99","Mon Sep 21, 2020, 8:05PM","3"
"Jordan Howard","MIA/PHI","RB","Claim","Kelce and the Kickers (MITCH)","37.00","1","1/99","Mon Sep 21, 2020, 8:05PM","3"
"Myles Gaskin","MIA","RB","Drop","Kelce and the Kickers (MITCH)","","1","1/99","Mon Sep 21, 2020, 8:05PM","3"
"Greg Olsen","SEA","TE","Claim","(Keyon) Quon T. Hill and the Zits","1.00","1","1/99","Mon Sep 21, 2020, 8:05PM","3"
"Keelan Cole","JAX","WR","Drop","(Keyon) Quon T. Hill and the Zits","","1","1/99","Mon Sep 21, 2020, 8:05PM","3"
"Keelan Cole","JAX","WR","Claim","(Keyon) Quon T. Hill and the Zits","1.00","2","1/99","Mon Sep 21, 2020, 9:00AM","3"
"Greg Olsen","SEA","TE","Drop","(Keyon) Quon T. Hill and the Zits","","2","1/99","Mon Sep 21, 2020, 9:00AM","3"
"Myles Gaskin","MIA","RB","Claim","Kelce and the Kickers (MITCH)","5.00","1","1/99","Mon Sep 21, 2020, 9:00AM","3"
"Jordan Howard","MIA/PHI","RB","Drop","Kelce and the Kickers (MITCH)","","1","1/99","Mon Sep 21, 2020, 9:00AM","3"
"David Njoku","CLE","TE","Claim","(TMAN) Dr Teeth and The Electric Mayhem","1.00","1","1/99","Sun Sep 20, 2020, 9:00AM","3"
"Kenny Stills","HOU","WR","Drop","(TMAN) Dr Teeth and The Electric Mayhem","","1","1/99","Sun Sep 20, 2020, 9:00AM","3"
"Brandon Jones","MIA","DB","Claim","(Luke) The Folksmen","1.00","1","1/99","Sat Sep 19, 2020, 9:00AM","2"
"Trey Flowers","DET","DL","Claim","(REYN) Sex Bob-omb and the City","1.00","1","1/99","Fri Sep 18, 2020, 9:00AM","2"
"Demarcus Lawrence","DAL","DL","Drop","(REYN) Sex Bob-omb and the City","","1","1/99","Fri Sep 18, 2020, 9:00AM","2"
"Nathan Gerry","PHI","LB","Claim","(TMAN) Dr Teeth and The Electric Mayhem","1.00","1","1/99","Fri Sep 18, 2020, 9:00AM","2"
"Taylor Rapp","LAR","DB","Drop","(TMAN) Dr Teeth and The Electric Mayhem","","1","1/99","Fri Sep 18, 2020, 9:00AM","2"
"Willie Snead","BAL","WR","Claim","KoMu: Ladies&Gents, the Fabulous Staches","1.00","3","1/99","Thu Sep 17, 2020, 9:00AM","2"
"Jason Huntley","PHI","RB","Drop","KoMu: Ladies&Gents, the Fabulous Staches","","3","1/99","Thu Sep 17, 2020, 9:00AM","2"
"Marcus Maye","NYJ","DB","Claim","(Keyon) Quon T. Hill and the Zits","3.00","1","1/99","Thu Sep 17, 2020, 9:00AM","2"
"Nick Kwiatkoski","LV","LB","Drop","(Keyon) Quon T. Hill and the Zits","","1","1/99","Thu Sep 17, 2020, 9:00AM","2"
"Aldon Smith","DAL","DL,LB","Claim","(TMAN) Dr Teeth and The Electric Mayhem","2.00","1","1/1","Thu Sep 17, 2020, 9:00AM","2"
"Josh Bynes","CIN","LB","Claim","Kelce and the Kickers (MITCH)","1.00","1","1/99","Thu Sep 17, 2020, 9:00AM","2"
"Justin Jackson","LAC","RB","Drop","Kelce and the Kickers (MITCH)","","1","1/99","Thu Sep 17, 2020, 9:00AM","2"
"Logan Thomas","WAS","TE","Claim","(pat) Crucifictorious Maids","1.00","1","1/99","Thu Sep 17, 2020, 9:00AM","2"
"Ha Ha Clinton-Dix","(N/A)","DB","Drop","(pat) Crucifictorious Maids","","1","1/99","Thu Sep 17, 2020, 9:00AM","2"
"Todd Davis","MIN","LB","Drop","Figrin J'OHN and the Modal Nodes","","1","1/99","Tue Sep 15, 2020, 9:15AM","2"
"Corey Clement","PHI","RB","Claim","(pat) Crucifictorious Maids","1.00","1","1/99","Sun Sep 13, 2020, 9:00AM","1"
"Justin Jackson","LAC","RB","Claim","Kelce and the Kickers (MITCH)","1.00","1","1/99","Sat Sep 12, 2020, 9:00AM","1"
"Chris Boswell","PIT","K","Claim","Figrin J'OHN and the Modal Nodes","1.00","1","1/99","Thu Sep 10, 2020, 9:00AM","1"
"Austin MacGinnis","LAR","K","Drop","Figrin J'OHN and the Modal Nodes","","1","1/99","Thu Sep 10, 2020, 9:00AM","1"
"Myles Jack","JAX","LB","Claim","Figrin J'OHN and the Modal Nodes","1.00","13","2/99","Wed Sep 9, 2020, 9:00AM","1"
"Dante Fowler","ATL","DL,LB","Claim","Figrin J'OHN and the Modal Nodes","1.00","12","2/99","Wed Sep 9, 2020, 9:00AM","1"
"Jeffery Simmons","TEN","DL","Claim","Figrin J'OHN and the Modal Nodes","1.00","11","2/99","Wed Sep 9, 2020, 9:00AM","1"
"Grady Jarrett","ATL","DL","Claim","Figrin J'OHN and the Modal Nodes","1.00","10","2/99","Wed Sep 9, 2020, 9:00AM","1"
"Vonn Bell","CIN","DB","Claim","Figrin J'OHN and the Modal Nodes","1.00","9","2/99","Wed Sep 9, 2020, 9:00AM","1"
"Andrew Sendejo","CLE","DB","Claim","Figrin J'OHN and the Modal Nodes","1.00","8","2/99","Wed Sep 9, 2020, 9:00AM","1"
"Stephon Gilmore","NE","DB","Claim","Figrin J'OHN and the Modal Nodes","1.00","6","2/99","Wed Sep 9, 2020, 9:00AM","1"
"Tahir Whitehead","CAR","LB","Claim","Figrin J'OHN and the Modal Nodes","1.00","5","2/99","Wed Sep 9, 2020, 9:00AM","1"
"Todd Davis","MIN","LB","Claim","Figrin J'OHN and the Modal Nodes","1.00","4","2/99","Wed Sep 9, 2020, 9:00AM","1"
"Peyton Barber","WAS","RB","Claim","Kelce and the Kickers (MITCH)","2.00","4","1/99","Wed Sep 9, 2020, 9:00AM","1"
"Shaquil Barrett","TB","LB","Claim","Figrin J'OHN and the Modal Nodes","1.00","3","2/99","Wed Sep 9, 2020, 9:00AM","1"
"Austin MacGinnis","LAR","K","Claim","Figrin J'OHN and the Modal Nodes","1.00","2","1/2","Wed Sep 9, 2020, 9:00AM","1"
"Mason Crosby","GB","K","Claim","Kelce and the Kickers (MITCH)","2.00","3","1/99","Wed Sep 9, 2020, 9:00AM","1"
"Chandler Jones","ARI","LB","Claim","Figrin J'OHN and the Modal Nodes","1.00","2","2/99","Wed Sep 9, 2020, 9:00AM","1"
"Austin Seibert","CLE/CIN","K","Claim","Figrin J'OHN and the Modal Nodes","1.00","1","1/2","Wed Sep 9, 2020, 9:00AM","1"
"Nyheim Hines","IND","RB","Claim","(Keyon) Quon T. Hill and the Zits","2.00","2","4/1","Wed Sep 9, 2020, 9:00AM","1"
"Nick Kwiatkoski","LV","LB","Claim","(Keyon) Quon T. Hill and the Zits","1.00","2","1/2","Wed Sep 9, 2020, 9:00AM","1"
"Yannick Ngakoue","MIN/BAL","DL","Claim","Kelce and the Kickers (MITCH)","2.00","2","1/99","Wed Sep 9, 2020, 9:00AM","1"
"Zach Pascal","IND","WR","Claim","KoMu: Ladies&Gents, the Fabulous Staches","1.00","2","1/99","Wed Sep 9, 2020, 9:00AM","1"
"Joshua Dobbs","PIT","QB","Drop","KoMu: Ladies&Gents, the Fabulous Staches","","2","1/99","Wed Sep 9, 2020, 9:00AM","1"
"Ka'imi Fairbairn","HOU","K","Claim","Cap'n Geech & The Shrimp Shaq Shooters","1.00","1","1/99","Wed Sep 9, 2020, 9:00AM","1"
"Matt Gay","IND/LAR","K","Drop","Cap'n Geech & The Shrimp Shaq Shooters","","1","1/99","Wed Sep 9, 2020, 9:00AM","1"
"Younghoe Koo","ATL","K","Claim","(Keyon) Quon T. Hill and the Zits","1.00","1","3/1","Wed Sep 9, 2020, 9:00AM","1"
"Jalen Richard","LV","RB","Claim","(REYN) Sex Bob-omb and the City","10.00","1","1/99","Wed Sep 9, 2020, 9:00AM","1"
"Justin Jackson","LAC","RB","Drop","(REYN) Sex Bob-omb and the City","","1","1/99","Wed Sep 9, 2020, 9:00AM","1"
"Cameron Heyward","PIT","DL","Claim","(QTM) Tyler Dethklokett","1.00","1","1/99","Wed Sep 9, 2020, 9:00AM","1"
"Mike Davis","CAR","RB","Claim","KoMu: Ladies&Gents, the Fabulous Staches","1.00","1","1/99","Wed Sep 9, 2020, 9:00AM","1"
"Reggie Bonnafon","CAR","RB","Drop","KoMu: Ladies&Gents, the Fabulous Staches","","1","1/99","Wed Sep 9, 2020, 9:00AM","1"
"Devonta Freeman","NYG","RB","Claim","Kelce and the Kickers (MITCH)","5.00","1","1/99","Wed Sep 9, 2020, 9:00AM","1"
"A.J. Johnson","DEN","LB","Claim","(Keyon) Quon T. Hill and the Zits","3.00","1","1/2","Wed Sep 9, 2020, 9:00AM","1"
"Greg Olsen","SEA","TE","Claim","(Keyon) Quon T. Hill and the Zits","1.00","1","2/1","Wed Sep 9, 2020, 9:00AM","1"
"K.J. Wright","SEA","LB","Claim","Figrin J'OHN and the Modal Nodes","1.00","1","2/99","Wed Sep 9, 2020, 9:00AM","1"
"James Robinson","JAX","RB","Claim","(SCHX) Onederlic Life to Live","6.00","1","1/99","Wed Sep 9, 2020, 9:00AM","1"
"Dexter Williams","GB","RB","Drop","(SCHX) Onederlic Life to Live","","1","1/99","Wed Sep 9, 2020, 9:00AM","1"
"Nyheim Hines","IND","RB","Drop","(REYN) Sex Bob-omb and the City","","1","1/99","Mon Sep 7, 2020, 1:30PM","1"
"Dontrell Hilliard","CLE/HOU","RB","Drop","Kelce and the Kickers (MITCH)","","1","1/99","Sun Sep 6, 2020, 6:12AM","1"
"Hunter Renfrow","LV","WR","Claim","(pat) Crucifictorious Maids","8.00","1","1/99","Fri Sep 4, 2020, 7:15AM","1"
"Elliott Fry","ATL","K","Drop","(Keyon) Quon T. Hill and the Zits","","1","1/99","Fri Sep 4, 2020, 7:15AM","1"
"Adrian Peterson","DET","RB","Claim","(pat) Crucifictorious Maids","21.00","1","1/99","Fri Sep 4, 2020, 7:15AM","1"
"Blaine Gabbert","TB","QB","Drop","(pat) Crucifictorious Maids","","1","1/99","Fri Sep 4, 2020, 7:14AM","1"
"Joe Flacco","NYJ","QB","Drop","Figrin J'OHN and the Modal Nodes","","1","1/99","Fri Sep 4, 2020, 7:14AM","1"
"Alvin Kamara","NO","RB","Claim","Figrin J'OHN and the Modal Nodes","215.00","1","1/99","Fri Sep 4, 2020, 7:14AM","1"
"Hunter Renfrow","LV","WR","Drop","Figrin J'OHN and the Modal Nodes","","1","1/99","Fri Sep 4, 2020, 7:13AM","1"
"Chase McLaughlin","MIN/JAX/NYJ","K","Drop","(Keyon) Quon T. Hill and the Zits","","1","1/99","Fri Sep 4, 2020, 7:13AM","1"
"Chase McLaughlin","MIN/JAX/NYJ","K","Claim","(Keyon) Quon T. Hill and the Zits","1.00","3","1/1","Thu Sep 3, 2020, 9:00AM","1"
"Hunter Renfrow","LV","WR","Claim","Figrin J'OHN and the Modal Nodes","100.00","6","1/99","Thu Sep 3, 2020, 9:00AM","1"
"Alvin Kamara","NO","RB","Drop","Figrin J'OHN and the Modal Nodes","","6","1/99","Thu Sep 3, 2020, 9:00AM","1"
"Joe Flacco","NYJ","QB","Claim","Figrin J'OHN and the Modal Nodes","15.00","2","1/99","Thu Sep 3, 2020, 9:00AM","1"
"Blaine Gabbert","TB","QB","Claim","(pat) Crucifictorious Maids","25.00","1","1/99","Thu Sep 3, 2020, 9:00AM","1"
"Adrian Peterson","DET","RB","Drop","(pat) Crucifictorious Maids","","1","1/99","Thu Sep 3, 2020, 9:00AM","1"
"Elliott Fry","ATL","K","Claim","(Keyon) Quon T. Hill and the Zits","1.00","1","2/1","Thu Sep 3, 2020, 9:00AM","1"
"Darwin Thompson","KC","RB","Drop","Kelce and the Kickers (MITCH)","","1","1/99","Thu Sep 3, 2020, 5:53AM","1"
"Hunter Renfrow","LV","WR","Drop","(pat) Crucifictorious Maids","","1","1/99","Wed Sep 2, 2020, 11:02AM","1"
"Tyrell Williams","LV","WR","Claim","(Trevor) The Greenbay Packers","1.00","1","1/99","Mon Aug 31, 2020, 3:25PM","1"
"Robbie Chosen","CAR","WR","Claim","(Trevor) The Greenbay Packers","3.00","1","1/99","Mon Aug 31, 2020, 3:24PM","1"
"Emmanuel Sanders","NO","WR","Claim","(Trevor) The Greenbay Packers","15.00","1","1/99","Mon Aug 31, 2020, 3:24PM","1"
"Adam Thielen","MIN","WR","Claim","(Trevor) The Greenbay Packers","138.00","1","1/99","Mon Aug 31, 2020, 3:24PM","1"
"Cooper Kupp","LAR","WR","Claim","(Trevor) The Greenbay Packers","160.00","1","1/99","Mon Aug 31, 2020, 3:24PM","1"
"Dion Lewis","NYG","RB","Claim","(Trevor) The Greenbay Packers","2.00","1","1/99","Mon Aug 31, 2020, 3:24PM","1"
"Le'Veon Bell","NYJ/KC","RB","Claim","(Trevor) The Greenbay Packers","92.00","1","1/99","Mon Aug 31, 2020, 3:24PM","1"
"Aaron Jones","GB","RB","Claim","(Trevor) The Greenbay Packers","195.00","1","1/99","Mon Aug 31, 2020, 3:24PM","1"
"Ryan Fitzpatrick","MIA","QB","Claim","(Trevor) The Greenbay Packers","5.00","1","1/99","Mon Aug 31, 2020, 3:23PM","1"
"Aaron Rodgers","GB","QB","Claim","(Trevor) The Greenbay Packers","120.00","1","1/99","Mon Aug 31, 2020, 3:23PM","1"
"Shaq Thompson","CAR","LB","Claim","(Trevor) The Greenbay Packers","3.00","1","1/99","Mon Aug 31, 2020, 3:23PM","1"
"Carlos Dunlap","CIN/SEA","DL","Claim","(Trevor) The Greenbay Packers","2.00","1","1/99","Mon Aug 31, 2020, 3:23PM","1"
"Joey Bosa","LAC","DL","Claim","(Trevor) The Greenbay Packers","15.00","1","1/99","Mon Aug 31, 2020, 3:23PM","1"
"Marlon Humphrey","BAL","DB","Claim","(Trevor) The Greenbay Packers","1.00","1","1/99","Mon Aug 31, 2020, 3:23PM","1"
"Kyle Fuller","CHI","DB","Claim","(Trevor) The Greenbay Packers","1.00","1","1/99","Mon Aug 31, 2020, 3:23PM","1"
"Tracy Walker","DET","DB","Claim","(Trevor) The Greenbay Packers","6.00","1","1/99","Mon Aug 31, 2020, 3:22PM","1"
"Auden Tate","CIN","WR","Claim","(Luke) The Folksmen","1.00","1","1/99","Mon Aug 31, 2020, 3:12PM","1"
"JuJu Smith-Schuster","PIT","WR","Claim","(Luke) The Folksmen","133.00","1","1/99","Mon Aug 31, 2020, 3:12PM","1"
"Julio Jones","ATL","WR","Claim","(Luke) The Folksmen","160.00","1","1/99","Mon Aug 31, 2020, 3:12PM","1"
"Amari Cooper","DAL","WR","Claim","(Luke) The Folksmen","160.00","1","1/99","Mon Aug 31, 2020, 3:12PM","1"
"George Kittle","SF","TE","Claim","(Luke) The Folksmen","135.00","1","1/99","Mon Aug 31, 2020, 3:11PM","1"
"Rashaad Penny","SEA","RB","Claim","(Luke) The Folksmen","1.00","1","1/99","Mon Aug 31, 2020, 3:11PM","1"
"Justice Hill","BAL","RB","Claim","(Luke) The Folksmen","1.00","1","1/99","Mon Aug 31, 2020, 3:11PM","1"
"J.D. McKissic","WAS","RB","Claim","(Luke) The Folksmen","1.00","1","1/99","Mon Aug 31, 2020, 3:11PM","1"
"James Conner","PIT","RB","Claim","(Luke) The Folksmen","105.00","1","1/99","Mon Aug 31, 2020, 3:11PM","1"
"Philip Rivers","IND","QB","Claim","(Luke) The Folksmen","48.00","1","1/99","Mon Aug 31, 2020, 3:11PM","1"
"Russell Wilson","SEA","QB","Claim","(Luke) The Folksmen","225.00","1","1/99","Mon Aug 31, 2020, 3:11PM","1"
"Lavonte David","TB","LB","Claim","(Luke) The Folksmen","1.00","1","1/99","Mon Aug 31, 2020, 3:10PM","1"
"Darius Slayton","NYG","WR","Claim","(Luke) The Folksmen","25.00","1","1/99","Mon Aug 31, 2020, 3:09PM","1"
"Hayden Hurst","ATL","TE","Claim","(Luke) The Folksmen","16.00","1","1/99","Mon Aug 31, 2020, 3:09PM","1"
"Jamaal Williams","GB","RB","Claim","(Luke) The Folksmen","5.00","1","1/99","Mon Aug 31, 2020, 3:09PM","1"
"Boston Scott","PHI","RB","Claim","(Luke) The Folksmen","15.00","1","1/99","Mon Aug 31, 2020, 3:09PM","1"
"Jameis Winston","NO","QB","Claim","(Luke) The Folksmen","7.00","1","1/99","Mon Aug 31, 2020, 3:08PM","1"
"Nick Foles","CHI","QB","Claim","(Luke) The Folksmen","15.00","1","1/99","Mon Aug 31, 2020, 3:08PM","1"
"Zach Cunningham","HOU","LB","Claim","(Luke) The Folksmen","4.00","1","1/99","Mon Aug 31, 2020, 3:08PM","1"
"Josh Reynolds","LAR","WR","Claim","(SCHX) Onederlic Life to Live","1.00","1","1/99","Mon Aug 31, 2020, 3:07PM","1"
"Larry Fitzgerald","ARI","WR","Claim","(SCHX) Onederlic Life to Live","2.00","1","1/99","Mon Aug 31, 2020, 3:07PM","1"
"Corey Davis","TEN","WR","Claim","(SCHX) Onederlic Life to Live","2.00","1","1/99","Mon Aug 31, 2020, 3:07PM","1"
"Breshad Perriman","NYJ","WR","Claim","(SCHX) Onederlic Life to Live","7.00","1","1/99","Mon Aug 31, 2020, 3:07PM","1"
"Brandin Cooks","HOU","WR","Claim","(SCHX) Onederlic Life to Live","50.00","1","1/99","Mon Aug 31, 2020, 3:06PM","1"
"Allen Robinson","CHI","WR","Claim","(SCHX) Onederlic Life to Live","135.00","1","1/99","Mon Aug 31, 2020, 3:06PM","1"
"Kenny Golladay","DET","WR","Claim","(SCHX) Onederlic Life to Live","185.00","1","1/99","Mon Aug 31, 2020, 3:06PM","1"
"Tyler Higbee","LAR","TE","Claim","(SCHX) Onederlic Life to Live","8.00","1","1/99","Mon Aug 31, 2020, 3:06PM","1"
"Giovani Bernard","CIN","RB","Claim","(SCHX) Onederlic Life to Live","4.00","1","1/99","Mon Aug 31, 2020, 3:06PM","1"
"Jerick McKinnon","SF","RB","Claim","(SCHX) Onederlic Life to Live","5.00","1","1/99","Mon Aug 31, 2020, 3:05PM","1"
"Latavius Murray","NO","RB","Claim","(SCHX) Onederlic Life to Live","14.00","1","1/99","Mon Aug 31, 2020, 3:05PM","1"
"Raheem Mostert","SF","RB","Claim","(SCHX) Onederlic Life to Live","77.00","1","1/99","Mon Aug 31, 2020, 3:05PM","1"
"Mark Ingram","BAL","RB","Claim","(SCHX) Onederlic Life to Live","93.00","1","1/99","Mon Aug 31, 2020, 3:05PM","1"
"Chase Daniel","DET","QB","Claim","(SCHX) Onederlic Life to Live","1.00","1","1/99","Mon Aug 31, 2020, 3:05PM","1"
"Derek Carr","LV","QB","Claim","(SCHX) Onederlic Life to Live","38.00","1","1/99","Mon Aug 31, 2020, 3:05PM","1"
"Matthew Stafford","DET","QB","Claim","(SCHX) Onederlic Life to Live","114.00","1","1/99","Mon Aug 31, 2020, 3:04PM","1"
"Micah Kiser","LAR","LB","Claim","(SCHX) Onederlic Life to Live","1.00","1","1/99","Mon Aug 31, 2020, 3:04PM","1"
"Jayon Brown","TEN","LB","Claim","(SCHX) Onederlic Life to Live","1.00","1","1/99","Mon Aug 31, 2020, 3:04PM","1"
"Maxx Crosby","LV","DL","Claim","(SCHX) Onederlic Life to Live","1.00","1","1/99","Mon Aug 31, 2020, 3:04PM","1"
"Keanu Neal","ATL","DB","Claim","(SCHX) Onederlic Life to Live","1.00","1","1/99","Mon Aug 31, 2020, 3:04PM","1"
"Devin Funchess","GB","WR","Claim","(QTM) Tyler Dethklokett","1.00","1","1/99","Mon Aug 31, 2020, 12:24PM","1"
"Jamison Crowder","NYJ","WR","Claim","(QTM) Tyler Dethklokett","17.00","1","1/99","Mon Aug 31, 2020, 12:24PM","1"
"John Ross","CIN","WR","Claim","(QTM) Tyler Dethklokett","18.00","1","1/99","Mon Aug 31, 2020, 12:24PM","1"
"Jarvis Landry","CLE","WR","Claim","(QTM) Tyler Dethklokett","70.00","1","1/99","Mon Aug 31, 2020, 12:24PM","1"
"Robert Woods","LAR","WR","Claim","(QTM) Tyler Dethklokett","95.00","1","1/99","Mon Aug 31, 2020, 12:24PM","1"
"Zach Ertz","PHI","TE","Claim","(QTM) Tyler Dethklokett","105.00","1","1/99","Mon Aug 31, 2020, 12:23PM","1"
"Carlos Hyde","SEA","RB","Claim","(QTM) Tyler Dethklokett","7.00","1","1/99","Mon Aug 31, 2020, 12:23PM","1"
"Tarik Cohen","CHI","RB","Claim","(QTM) Tyler Dethklokett","20.00","1","1/99","Mon Aug 31, 2020, 12:23PM","1"
"Damien Williams","KC","RB","Claim","(QTM) Tyler Dethklokett","20.00","1","1/99","Mon Aug 31, 2020, 12:23PM","1"
"Marlon Mack","IND","RB","Claim","(QTM) Tyler Dethklokett","29.00","1","1/99","Mon Aug 31, 2020, 12:23PM","1"
"Todd Gurley","ATL","RB","Claim","(QTM) Tyler Dethklokett","84.00","1","1/99","Mon Aug 31, 2020, 12:23PM","1"
"Chris Carson","SEA","RB","Claim","(QTM) Tyler Dethklokett","111.00","1","1/99","Mon Aug 31, 2020, 12:23PM","1"
"Tyrod Taylor","LAC","QB","Claim","(QTM) Tyler Dethklokett","8.00","1","1/99","Mon Aug 31, 2020, 12:22PM","1"
"Jimmy Garoppolo","SF","QB","Claim","(QTM) Tyler Dethklokett","75.00","1","1/99","Mon Aug 31, 2020, 12:21PM","1"
"Ben Roethlisberger","PIT","QB","Claim","(QTM) Tyler Dethklokett","105.00","1","1/99","Mon Aug 31, 2020, 12:21PM","1"
"T.J. Watt","PIT","LB","Claim","(QTM) Tyler Dethklokett","3.00","1","1/99","Mon Aug 31, 2020, 12:21PM","1"
"Christian Kirksey","GB","LB","Claim","(QTM) Tyler Dethklokett","3.00","1","1/99","Mon Aug 31, 2020, 12:21PM","1"
"Jake Elliott","PHI","K","Claim","(QTM) Tyler Dethklokett","1.00","1","1/99","Mon Aug 31, 2020, 12:21PM","1"
"DeForest Buckner","IND","DL","Claim","(QTM) Tyler Dethklokett","1.00","1","1/99","Mon Aug 31, 2020, 12:21PM","1"
"Johnathan Abram","LV","DB","Claim","(QTM) Tyler Dethklokett","1.00","1","1/99","Mon Aug 31, 2020, 12:20PM","1"
"Russell Gage","ATL","WR","Claim","(pat) Crucifictorious Maids","1.00","1","1/99","Mon Aug 31, 2020, 12:19PM","1"
"Mohamed Sanu","SF/DET","WR","Claim","(pat) Crucifictorious Maids","1.00","1","1/99","Mon Aug 31, 2020, 12:19PM","1"
"Marqise Lee","NE","WR","Claim","(pat) Crucifictorious Maids","1.00","1","1/99","Mon Aug 31, 2020, 12:19PM","1"
"DeSean Jackson","PHI","WR","Claim","(pat) Crucifictorious Maids","8.00","1","1/99","Mon Aug 31, 2020, 12:19PM","1"
"Eric Ebron","PIT","TE","Claim","(pat) Crucifictorious Maids","1.00","1","1/99","Mon Aug 31, 2020, 12:19PM","1"
"Blake Jarwin","DAL","TE","Claim","(pat) Crucifictorious Maids","1.00","1","1/99","Mon Aug 31, 2020, 12:19PM","1"
"DeAndre Washington","KC/MIA","RB","Claim","(pat) Crucifictorious Maids","1.00","1","1/99","Mon Aug 31, 2020, 12:18PM","1"
"Frank Gore","NYJ","RB","Claim","(pat) Crucifictorious Maids","6.00","1","1/99","Mon Aug 31, 2020, 12:18PM","1"
"LeSean McCoy","TB","RB","Claim","(pat) Crucifictorious Maids","8.00","1","1/99","Mon Aug 31, 2020, 12:18PM","1"
"Adrian Peterson","DET","RB","Claim","(pat) Crucifictorious Maids","21.00","1","1/99","Mon Aug 31, 2020, 12:18PM","1"
"David Johnson","HOU","RB","Claim","(pat) Crucifictorious Maids","96.00","1","1/99","Mon Aug 31, 2020, 12:18PM","1"
"Dalvin Cook","MIN","RB","Claim","(pat) Crucifictorious Maids","265.00","1","1/99","Mon Aug 31, 2020, 12:18PM","1"
"Eric Kendricks","MIN","LB","Claim","(pat) Crucifictorious Maids","1.00","1","1/99","Mon Aug 31, 2020, 12:18PM","1"
"Danny Trevathan","CHI","LB","Claim","(pat) Crucifictorious Maids","1.00","1","1/99","Mon Aug 31, 2020, 12:17PM","1"
"Benardrick McKinney","HOU","LB","Claim","(pat) Crucifictorious Maids","1.00","1","1/99","Mon Aug 31, 2020, 12:17PM","1"
"Anthony Walker","IND","LB","Claim","(pat) Crucifictorious Maids","1.00","1","1/99","Mon Aug 31, 2020, 12:17PM","1"
"Jason Myers","SEA","K","Claim","(pat) Crucifictorious Maids","1.00","1","1/99","Mon Aug 31, 2020, 12:17PM","1"
"Everson Griffen","DAL/DET","DL","Claim","(pat) Crucifictorious Maids","1.00","1","1/99","Mon Aug 31, 2020, 12:17PM","1"
"Jessie Bates","CIN","DB","Claim","(pat) Crucifictorious Maids","1.00","1","1/99","Mon Aug 31, 2020, 12:17PM","1"
"Ha Ha Clinton-Dix","(N/A)","DB","Claim","(pat) Crucifictorious Maids","1.00","1","1/99","Mon Aug 31, 2020, 12:17PM","1"
"Mike Williams","LAC","WR","Claim","Kelce and the Kickers (MITCH)","10.00","1","1/99","Mon Aug 31, 2020, 12:16PM","1"
"Allen Lazard","GB","WR","Claim","Kelce and the Kickers (MITCH)","40.00","1","1/99","Mon Aug 31, 2020, 12:15PM","1"
"O.J. Howard","TB","TE","Claim","Kelce and the Kickers (MITCH)","3.00","1","1/99","Mon Aug 31, 2020, 12:15PM","1"
"Darrel Williams","KC","RB","Claim","Kelce and the Kickers (MITCH)","8.00","1","1/99","Mon Aug 31, 2020, 12:15PM","1"
"Brian Hill","ATL","RB","Claim","Kelce and the Kickers (MITCH)","10.00","1","1/99","Mon Aug 31, 2020, 12:14PM","1"
"Tevin Coleman","SF","RB","Claim","Kelce and the Kickers (MITCH)","22.00","1","1/99","Mon Aug 31, 2020, 12:14PM","1"
"Jordan Howard","MIA/PHI","RB","Claim","Kelce and the Kickers (MITCH)","37.00","1","1/99","Mon Aug 31, 2020, 12:12PM","1"
"Andrew Luck","IND","QB","Claim","Kelce and the Kickers (MITCH)","1.00","1","1/99","Mon Aug 31, 2020, 12:11PM","1"
"Jabrill Peppers","NYG","DB","Claim","Kelce and the Kickers (MITCH)","5.00","1","1/99","Mon Aug 31, 2020, 12:11PM","1"
"Olabisi Johnson","MIN","WR","Claim","KoMu: Ladies&Gents, the Fabulous Staches","1.00","1","1/99","Mon Aug 31, 2020, 12:10PM","1"
"Kendrick Bourne","SF","WR","Claim","KoMu: Ladies&Gents, the Fabulous Staches","1.00","1","1/99","Mon Aug 31, 2020, 12:10PM","1"
"Equanimeous St. Brown","GB","WR","Claim","KoMu: Ladies&Gents, the Fabulous Staches","1.00","1","1/99","Mon Aug 31, 2020, 12:10PM","1"
"Alshon Jeffery","PHI","WR","Claim","KoMu: Ladies&Gents, the Fabulous Staches","1.00","1","1/99","Mon Aug 31, 2020, 12:10PM","1"
"Dede Westbrook","JAX","WR","Claim","KoMu: Ladies&Gents, the Fabulous Staches","2.00","1","1/99","Mon Aug 31, 2020, 12:09PM","1"
"Sammy Watkins","KC","WR","Claim","KoMu: Ladies&Gents, the Fabulous Staches","9.00","1","1/99","Mon Aug 31, 2020, 12:09PM","1"
"John Brown","BUF","WR","Claim","KoMu: Ladies&Gents, the Fabulous Staches","15.00","1","1/99","Mon Aug 31, 2020, 12:09PM","1"
"T.Y. Hilton","IND","WR","Claim","KoMu: Ladies&Gents, the Fabulous Staches","61.00","1","1/99","Mon Aug 31, 2020, 12:09PM","1"
"Ian Thomas","CAR","TE","Claim","KoMu: Ladies&Gents, the Fabulous Staches","2.00","1","1/99","Mon Aug 31, 2020, 12:09PM","1"
"Jonnu Smith","TEN","TE","Claim","KoMu: Ladies&Gents, the Fabulous Staches","7.00","1","1/99","Mon Aug 31, 2020, 12:08PM","1"
"Reggie Bonnafon","CAR","RB","Claim","KoMu: Ladies&Gents, the Fabulous Staches","1.00","1","1/99","Mon Aug 31, 2020, 12:08PM","1"
"Ronald Jones","TB","RB","Claim","KoMu: Ladies&Gents, the Fabulous Staches","71.00","1","1/99","Mon Aug 31, 2020, 12:08PM","1"
"Christian McCaffrey","CAR","RB","Claim","KoMu: Ladies&Gents, the Fabulous Staches","365.00","1","1/99","Mon Aug 31, 2020, 12:08PM","1"
"Joshua Dobbs","PIT","QB","Claim","KoMu: Ladies&Gents, the Fabulous Staches","1.00","1","1/99","Mon Aug 31, 2020, 12:08PM","1"
"Andy Dalton","DAL","QB","Claim","KoMu: Ladies&Gents, the Fabulous Staches","1.00","1","1/99","Mon Aug 31, 2020, 12:08PM","1"
"Mitchell Trubisky","CHI","QB","Claim","KoMu: Ladies&Gents, the Fabulous Staches","5.00","1","1/99","Mon Aug 31, 2020, 12:07PM","1"
"Rashaan Evans","TEN","LB","Claim","KoMu: Ladies&Gents, the Fabulous Staches","1.00","1","1/99","Mon Aug 31, 2020, 12:07PM","1"
"Jarrad Davis","DET","LB","Claim","KoMu: Ladies&Gents, the Fabulous Staches","1.00","1","1/99","Mon Aug 31, 2020, 12:07PM","1"
"Deion Jones","ATL","LB","Claim","KoMu: Ladies&Gents, the Fabulous Staches","10.00","1","1/99","Mon Aug 31, 2020, 12:07PM","1"
"Joe Schobert","JAX","LB","Claim","KoMu: Ladies&Gents, the Fabulous Staches","13.00","1","1/99","Mon Aug 31, 2020, 12:07PM","1"
"Zane Gonzalez","ARI","K","Claim","KoMu: Ladies&Gents, the Fabulous Staches","1.00","1","1/99","Mon Aug 31, 2020, 12:07PM","1"
"Cameron Jordan","NO","DL","Claim","KoMu: Ladies&Gents, the Fabulous Staches","4.00","1","1/99","Mon Aug 31, 2020, 12:06PM","1"
"Justin Simmons","DEN","DB","Claim","KoMu: Ladies&Gents, the Fabulous Staches","2.00","1","1/99","Mon Aug 31, 2020, 12:06PM","1"
"Steven Sims","WAS","WR","Claim","Figrin J'OHN and the Modal Nodes","27.00","1","1/99","Mon Aug 31, 2020, 12:02PM","1"
"DeAndre Hopkins","ARI","WR","Claim","Figrin J'OHN and the Modal Nodes","175.00","1","1/99","Mon Aug 31, 2020, 12:02PM","1"
"Davante Adams","GB","WR","Claim","Figrin J'OHN and the Modal Nodes","190.00","1","1/99","Mon Aug 31, 2020, 12:02PM","1"
"Dan Arnold","ARI","TE","Claim","Figrin J'OHN and the Modal Nodes","1.00","1","1/99","Mon Aug 31, 2020, 12:02PM","1"
"Joe Mixon","CIN","RB","Claim","Figrin J'OHN and the Modal Nodes","160.00","1","1/99","Mon Aug 31, 2020, 12:02PM","1"
"Patrick Mahomes","KC","QB","Claim","Figrin J'OHN and the Modal Nodes","390.00","1","1/99","Mon Aug 31, 2020, 12:01PM","1"
"Jordan Hicks","ARI","LB","Claim","Figrin J'OHN and the Modal Nodes","10.00","1","1/99","Mon Aug 31, 2020, 12:01PM","1"
"Michael Badgley","LAC","K","Claim","Figrin J'OHN and the Modal Nodes","1.00","1","1/99","Mon Aug 31, 2020, 12:01PM","1"
"Myles Garrett","CLE","DL","Claim","Figrin J'OHN and the Modal Nodes","9.00","1","1/99","Mon Aug 31, 2020, 12:01PM","1"
"Harrison Smith","MIN","DB","Claim","Figrin J'OHN and the Modal Nodes","3.00","1","1/99","Mon Aug 31, 2020, 12:01PM","1"
"Budda Baker","ARI","DB","Claim","Figrin J'OHN and the Modal Nodes","22.00","1","1/99","Mon Aug 31, 2020, 12:00PM","1"
"Kareem Hunt","CLE","RB","Claim","Figrin J'OHN and the Modal Nodes","42.00","1","1/99","Mon Aug 31, 2020, 11:57AM","1"
"Alvin Kamara","NO","RB","Claim","Figrin J'OHN and the Modal Nodes","215.00","1","1/99","Mon Aug 31, 2020, 11:57AM","1"
"Drew Brees","NO","QB","Claim","Figrin J'OHN and the Modal Nodes","120.00","1","1/99","Mon Aug 31, 2020, 11:57AM","1"
"Julian Edelman","NE","WR","Claim","(REYN) Sex Bob-omb and the City","31.00","1","1/99","Mon Aug 31, 2020, 11:53AM","1"
"Marvin Jones","DET","WR","Claim","(REYN) Sex Bob-omb and the City","37.00","1","1/99","Mon Aug 31, 2020, 11:53AM","1"
"A.J. Green","CIN","WR","Claim","(REYN) Sex Bob-omb and the City","51.00","1","1/99","Mon Aug 31, 2020, 11:52AM","1"
"Jack Doyle","IND","TE","Claim","(REYN) Sex Bob-omb and the City","3.00","1","1/99","Mon Aug 31, 2020, 11:51AM","1"
"Evan Engram","NYG","TE","Claim","(REYN) Sex Bob-omb and the City","40.00","1","1/99","Mon Aug 31, 2020, 11:51AM","1"
"Leonard Fournette","TB","RB","Claim","(REYN) Sex Bob-omb and the City","105.00","1","1/99","Mon Aug 31, 2020, 11:51AM","1"
"Derrick Henry","TEN","RB","Claim","(REYN) Sex Bob-omb and the City","255.00","1","1/99","Mon Aug 31, 2020, 11:51AM","1"
"Ryan Tannehill","TEN","QB","Claim","(REYN) Sex Bob-omb and the City","105.00","1","1/99","Mon Aug 31, 2020, 11:50AM","1"
"Tom Brady","TB","QB","Claim","(REYN) Sex Bob-omb and the City","120.00","1","1/99","Mon Aug 31, 2020, 11:50AM","1"
"Bobby Wagner","SEA","LB","Claim","(REYN) Sex Bob-omb and the City","21.00","1","1/99","Mon Aug 31, 2020, 11:50AM","1"
"Robbie Gould","SF","K","Claim","(REYN) Sex Bob-omb and the City","3.00","1","1/99","Mon Aug 31, 2020, 11:50AM","1"
"Danielle Hunter","MIN","DL","Claim","(REYN) Sex Bob-omb and the City","42.00","1","1/99","Mon Aug 31, 2020, 11:50AM","1"
"Jordan Poyer","BUF","DB","Claim","(REYN) Sex Bob-omb and the City","3.00","1","1/99","Mon Aug 31, 2020, 11:50AM","1"
"Curtis Samuel","CAR","WR","Claim","Cap'n Geech & The Shrimp Shaq Shooters","28.00","1","1/99","Mon Aug 31, 2020, 11:46AM","1"
"Keenan Allen","LAC","WR","Claim","Cap'n Geech & The Shrimp Shaq Shooters","65.00","1","1/99","Mon Aug 31, 2020, 11:46AM","1"
"James White","NE","RB","Claim","Cap'n Geech & The Shrimp Shaq Shooters","53.00","1","1/99","Mon Aug 31, 2020, 11:45AM","1"
"Cam Newton","NE","QB","Claim","Cap'n Geech & The Shrimp Shaq Shooters","89.00","1","1/99","Mon Aug 31, 2020, 11:45AM","1"
"Deshaun Watson","HOU","QB","Claim","Cap'n Geech & The Shrimp Shaq Shooters","220.00","1","1/99","Mon Aug 31, 2020, 11:45AM","1"
"Aaron Donald","LAR","DL","Claim","Cap'n Geech & The Shrimp Shaq Shooters","4.00","1","1/99","Mon Aug 31, 2020, 11:44AM","1"
"Khalil Mack","CHI","LB","Drop","KoMu: Ladies&Gents, the Fabulous Staches","","1","1/99","Sat Aug 29, 2020, 9:28AM","1"
"Raymond Calais","LAR","RB","Claim","(QTM) Tyler Dethklokett","1.00","1","1/99","Wed Aug 26, 2020, 11:38AM","1"
"Jauan Jennings","SF","WR","Claim","(QTM) Tyler Dethklokett","1.00","1","1/99","Wed Aug 26, 2020, 11:37AM","1"
"James Proche","BAL","WR","Claim","KoMu: Ladies&Gents, the Fabulous Staches","1.00","1","1/99","Wed Aug 26, 2020, 11:16AM","1"
"Bryce Perkins","LAR","QB","Claim","(QTM) Tyler Dethklokett","1.00","1","1/99","Wed Aug 26, 2020, 11:14AM","1"
"Bryce Perkins","LAR","QB","Drop","KoMu: Ladies&Gents, the Fabulous Staches","","1","1/99","Wed Aug 26, 2020, 11:14AM","1"
"Bryce Perkins","LAR","QB","Claim","KoMu: Ladies&Gents, the Fabulous Staches","1.00","1","1/99","Wed Aug 26, 2020, 11:13AM","1"
"Michael Warren","PHI/WAS","RB","Claim","Kelce and the Kickers (MITCH)","1.00","1","1/99","Wed Aug 26, 2020, 11:08AM","1"
"Anthony Gordon","(N/A)","QB","Claim","(QTM) Tyler Dethklokett","1.00","1","1/99","Wed Aug 26, 2020, 11:06AM","1"
"Dalton Keene","NE","TE","Claim","KoMu: Ladies&Gents, the Fabulous Staches","1.00","1","1/99","Wed Aug 26, 2020, 11:03AM","1"
"James Morgan","NYJ","QB","Claim","(QTM) Tyler Dethklokett","1.00","1","1/99","Wed Aug 26, 2020, 10:59AM","1"
"Darnell Mooney","CHI","WR","Claim","(Keyon) Quon T. Hill and the Zits","1.00","1","1/99","Wed Aug 26, 2020, 10:37AM","1"
"Malcolm Perry","MIA","RB,WR","Claim","Cap'n Geech & The Shrimp Shaq Shooters","1.00","1","1/99","Wed Aug 26, 2020, 10:26AM","1"
"Logan Wilson","CIN","LB","Claim","Kelce and the Kickers (MITCH)","1.00","1","1/99","Wed Aug 26, 2020, 10:20AM","1"
"Jamycal Hasty","SF","RB","Claim","(SCHX) Onederlic Life to Live","1.00","1","1/99","Wed Aug 26, 2020, 10:15AM","1"
"Jason Huntley","PHI","RB","Claim","KoMu: Ladies&Gents, the Fabulous Staches","1.00","1","1/99","Wed Aug 26, 2020, 10:13AM","1"
"Collin Johnson","JAX","WR","Claim","(QTM) Tyler Dethklokett","1.00","1","1/99","Wed Aug 26, 2020, 8:36AM","1"
"John Hightower","PHI","WR","Claim","(Keyon) Quon T. Hill and the Zits","1.00","1","1/99","Tue Aug 25, 2020, 4:02PM","1"
"Jeremy Chinn","CAR","DB","Claim","Cap'n Geech & The Shrimp Shaq Shooters","1.00","1","1/99","Tue Aug 25, 2020, 3:56PM","1"
"Antoine Winfield","TB","DB","Claim","Kelce and the Kickers (MITCH)","1.00","1","1/99","Tue Aug 25, 2020, 3:55PM","1"
"Malik Harrison","BAL","LB","Claim","(SCHX) Onederlic Life to Live","1.00","1","1/99","Tue Aug 25, 2020, 3:29PM","1"
"Joe Reed","LAC","WR","Claim","KoMu: Ladies&Gents, the Fabulous Staches","1.00","1","1/99","Tue Aug 25, 2020, 3:13PM","1"
"Jake Luton","JAX","QB","Claim","(pat) Crucifictorious Maids","2.00","1","1/99","Tue Aug 25, 2020, 3:05PM","1"
"Isaiah Coulter","HOU","WR","Claim","(QTM) Tyler Dethklokett","1.00","1","1/99","Tue Aug 25, 2020, 2:05PM","1"
"Eno Benjamin","ARI","RB","Claim","(TMAN) Dr Teeth and The Electric Mayhem","2.00","1","1/99","Tue Aug 25, 2020, 1:45PM","1"
"Gabriel Davis","BUF","WR","Claim","(Keyon) Quon T. Hill and the Zits","1.00","1","1/99","Tue Aug 25, 2020, 1:37PM","1"
"Quintez Cephus","DET","WR","Claim","Cap'n Geech & The Shrimp Shaq Shooters","1.00","1","1/99","Tue Aug 25, 2020, 1:22PM","1"
"Josiah Deguara","GB","TE","Claim","Kelce and the Kickers (MITCH)","1.00","1","1/99","Tue Aug 25, 2020, 1:21PM","1"
"Jacob Eason","IND","QB","Claim","(Trevor) The Greenbay Packers","4.00","1","1/99","Tue Aug 25, 2020, 1:19PM","1"
"Tyler Johnson","TB","WR","Claim","(SCHX) Onederlic Life to Live","2.00","1","1/99","Tue Aug 25, 2020, 1:17PM","1"
"Devin Asiasi","NE","TE","Claim","KoMu: Ladies&Gents, the Fabulous Staches","1.00","1","1/99","Tue Aug 25, 2020, 1:15PM","1"
"Willie Gay","KC","LB","Claim","(Keyon) Quon T. Hill and the Zits","1.00","1","1/99","Tue Aug 25, 2020, 1:14PM","1"
"Adam Trautman","NO","TE","Claim","(QTM) Tyler Dethklokett","1.00","1","1/99","Tue Aug 25, 2020, 1:13PM","1"
"La'Mical Perine","NYJ","RB","Claim","(Keyon) Quon T. Hill and the Zits","4.00","1","1/99","Tue Aug 25, 2020, 1:11PM","1"
"DeeJay Dallas","SEA","RB","Claim","(TMAN) Dr Teeth and The Electric Mayhem","4.00","1","1/99","Tue Aug 25, 2020, 1:09PM","1"
"Van Jefferson","LAR","WR","Claim","(SCHX) Onederlic Life to Live","2.00","1","1/99","Tue Aug 25, 2020, 12:05PM","1"
"Joshua Kelley","LAC","RB","Claim","(REYN) Sex Bob-omb and the City","4.00","1","1/99","Tue Aug 25, 2020, 11:52AM","1"
"Devin Duvernay","BAL","WR","Claim","Cap'n Geech & The Shrimp Shaq Shooters","2.00","1","1/99","Tue Aug 25, 2020, 11:49AM","1"
"Xavier McKinney","NYG","DB","Claim","Kelce and the Kickers (MITCH)","1.00","1","1/99","Tue Aug 25, 2020, 11:48AM","1"
"Kenneth Murray","LAC","LB","Claim","(Trevor) The Greenbay Packers","1.00","1","1/99","Tue Aug 25, 2020, 11:41AM","1"
"Isaiah Simmons","ARI","LB","Claim","(REYN) Sex Bob-omb and the City","1.00","1","1/99","Tue Aug 25, 2020, 10:28AM","1"
"Cole Kmet","CHI","TE","Claim","Cap'n Geech & The Shrimp Shaq Shooters","2.00","1","1/99","Tue Aug 25, 2020, 10:24AM","1"
"Chase Young","WAS","DL","Claim","Kelce and the Kickers (MITCH)","1.00","1","1/99","Tue Aug 25, 2020, 10:23AM","1"
"Denzel Mims","NYJ","WR","Claim","(SCHX) Onederlic Life to Live","4.00","1","1/99","Tue Aug 25, 2020, 10:16AM","1"
"Patrick Queen","BAL","LB","Claim","Kelce and the Kickers (MITCH)","1.00","1","1/99","Tue Aug 25, 2020, 10:10AM","1"
"Darrynton Evans","TEN","RB","Claim","(TMAN) Dr Teeth and The Electric Mayhem","7.00","1","1/99","Tue Aug 25, 2020, 10:07AM","1"
"Chase Claypool","PIT","WR","Claim","(REYN) Sex Bob-omb and the City","4.00","1","1/99","Tue Aug 25, 2020, 9:54AM","1"
"Jalen Hurts","PHI","QB","Claim","(TMAN) Dr Teeth and The Electric Mayhem","8.00","1","1/99","Tue Aug 25, 2020, 9:43AM","1"
"Lynn Bowden","MIA","RB,WR","Claim","Cap'n Geech & The Shrimp Shaq Shooters","7.00","1","1/99","Tue Aug 25, 2020, 9:40AM","1"
"A.J. Dillon","GB","RB","Claim","Cap'n Geech & The Shrimp Shaq Shooters","7.00","1","1/99","Tue Aug 25, 2020, 9:40AM","1"
"K.J. Hamler","DEN","WR","Claim","(Trevor) The Greenbay Packers","4.00","1","1/99","Tue Aug 25, 2020, 9:36AM","1"
"Anthony McFarland","PIT","RB","Claim","(Luke) The Folksmen","13.00","1","1/99","Tue Aug 25, 2020, 9:26AM","1"
"Ke'Shawn Vaughn","TB","RB","Claim","Cap'n Geech & The Shrimp Shaq Shooters","13.00","1","1/99","Tue Aug 25, 2020, 9:22AM","1"
"Antonio Gandy-Golden","WAS","WR","Claim","(Luke) The Folksmen","8.00","1","1/99","Tue Aug 25, 2020, 9:16AM","1"
"Bryan Edwards","LV","WR","Claim","(TMAN) Dr Teeth and The Electric Mayhem","8.00","1","1/99","Tue Aug 25, 2020, 9:14AM","1"
"Laviska Shenault","JAX","WR","Claim","(Luke) The Folksmen","8.00","1","1/99","Tue Aug 25, 2020, 9:12AM","1"
"Tee Higgins","CIN","WR","Claim","(TMAN) Dr Teeth and The Electric Mayhem","8.00","1","1/99","Tue Aug 25, 2020, 9:10AM","1"
"Michael Pittman","IND","WR","Claim","(REYN) Sex Bob-omb and the City","8.00","1","1/99","Tue Aug 25, 2020, 9:09AM","1"
"Antonio Gibson","WAS","RB,WR","Claim","(Luke) The Folksmen","13.00","1","1/99","Tue Aug 25, 2020, 9:03AM","1"
"Zack Moss","BUF","RB","Claim","(Luke) The Folksmen","13.00","1","1/99","Tue Aug 25, 2020, 9:03AM","1"
"Brandon Aiyuk","SF","WR","Claim","(Luke) The Folksmen","8.00","1","1/99","Tue Aug 25, 2020, 9:02AM","1"
"Henry Ruggs","LV","WR","Claim","Figrin J'OHN and the Modal Nodes","8.00","1","1/99","Mon Aug 24, 2020, 12:55PM","1"
"Jordan Love","GB","QB","Claim","(Luke) The Folksmen","16.00","1","1/99","Mon Aug 24, 2020, 12:53PM","1"
"Jerry Jeudy","DEN","WR","Claim","Kelce and the Kickers (MITCH)","16.00","1","1/99","Mon Aug 24, 2020, 11:20AM","1"
"Justin Jefferson","MIN","WR","Claim","(REYN) Sex Bob-omb and the City","16.00","1","1/99","Mon Aug 24, 2020, 11:19AM","1"
"Cam Akers","LAR","RB","Claim","(REYN) Sex Bob-omb and the City","25.00","1","1/99","Mon Aug 24, 2020, 11:19AM","1"
"Jalen Reagor","PHI","WR","Claim","(TMAN) Dr Teeth and The Electric Mayhem","16.00","1","1/99","Mon Aug 24, 2020, 11:06AM","1"
"J.K. Dobbins","BAL","RB","Claim","(TMAN) Dr Teeth and The Electric Mayhem","25.00","1","1/99","Mon Aug 24, 2020, 11:06AM","1"
"Justin Herbert","LAC","QB","Claim","(TMAN) Dr Teeth and The Electric Mayhem","32.00","1","1/99","Mon Aug 24, 2020, 11:06AM","1"
"CeeDee Lamb","DAL","WR","Claim","Figrin J'OHN and the Modal Nodes","16.00","1","1/99","Mon Aug 24, 2020, 11:02AM","1"
"Jonathan Taylor","IND","RB","Claim","Figrin J'OHN and the Modal Nodes","25.00","1","1/99","Mon Aug 24, 2020, 11:02AM","1"
"D'Andre Swift","DET","RB","Claim","Figrin J'OHN and the Modal Nodes","25.00","1","1/99","Mon Aug 24, 2020, 11:02AM","1"
"Tua Tagovailoa","MIA","QB","Claim","Cap'n Geech & The Shrimp Shaq Shooters","32.00","1","1/99","Mon Aug 24, 2020, 11:01AM","1"
"Joe Burrow","CIN","QB","Claim","(Keyon) Quon T. Hill and the Zits","32.00","1","1/99","Mon Aug 24, 2020, 10:56AM","1"
"Clyde Edwards-Helaire","KC","RB","Claim","(Keyon) Quon T. Hill and the Zits","32.00","1","1/99","Mon Aug 24, 2020, 10:55AM","1"
"Keke Coutee","HOU","WR","Drop","(Trevor) The Greenbay Packers","","1","1/99","Mon Aug 24, 2020, 10:44AM","1"
"Quincy Enunwa","(N/A)","WR","Drop","(Trevor) The Greenbay Packers","","1","1/99","Mon Aug 24, 2020, 10:44AM","1"
"Chad Kelly","IND","QB","Drop","(Trevor) The Greenbay Packers","","1","1/99","Mon Aug 24, 2020, 10:44AM","1"
"Riley Ridley","CHI","WR","Drop","(TMAN) Dr Teeth and The Electric Mayhem","","1","1/99","Mon Aug 24, 2020, 10:38AM","1"
"Hakeem Butler","CAR/PHI","WR,TE","Drop","(TMAN) Dr Teeth and The Electric Mayhem","","1","1/99","Mon Aug 24, 2020, 10:38AM","1"
"Rodney Anderson","(N/A)","RB","Drop","(TMAN) Dr Teeth and The Electric Mayhem","","1","1/99","Mon Aug 24, 2020, 10:38AM","1"
"Will Grier","CAR","QB","Drop","(TMAN) Dr Teeth and The Electric Mayhem","","1","1/99","Mon Aug 24, 2020, 10:38AM","1"
"Jalen Hurd","SF","WR","Drop","(TMAN) Dr Teeth and The Electric Mayhem","","1","1/99","Mon Aug 24, 2020, 10:38AM","1"
"Justice Hill","BAL","RB","Drop","(TMAN) Dr Teeth and The Electric Mayhem","","1","1/99","Mon Aug 24, 2020, 10:38AM","1"
"Willie Snead","BAL","WR","Drop","(SCHX) Onederlic Life to Live","","1","1/99","Mon Aug 24, 2020, 10:33AM","1"
"Trey Quinn","JAX","WR","Drop","(SCHX) Onederlic Life to Live","","1","1/99","Mon Aug 24, 2020, 10:33AM","1"
"KeeSean Johnson","ARI","WR","Drop","(SCHX) Onederlic Life to Live","","1","1/99","Mon Aug 24, 2020, 10:33AM","1"
"Andy Dalton","DAL","QB","Drop","(SCHX) Onederlic Life to Live","","1","1/99","Mon Aug 24, 2020, 10:33AM","1"
"Paul Richardson Jr.","(N/A)","WR","Drop","(QTM) Tyler Dethklokett","","1","1/99","Mon Aug 24, 2020, 10:30AM","1"
"Le'Veon Bell","NYJ/KC","RB","Drop","(QTM) Tyler Dethklokett","","1","1/99","Mon Aug 24, 2020, 10:30AM","1"
"Peyton Barber","WAS","RB","Drop","(QTM) Tyler Dethklokett","","1","1/99","Mon Aug 24, 2020, 10:30AM","1"
"Geronimo Allison","DET","WR","Drop","(pat) Crucifictorious Maids","","1","1/99","Mon Aug 24, 2020, 10:28AM","1"
"Jaylen Samuels","PIT","RB","Drop","(pat) Crucifictorious Maids","","1","1/99","Mon Aug 24, 2020, 10:28AM","1"
"Ameer Abdullah","MIN","RB","Drop","(pat) Crucifictorious Maids","","1","1/99","Mon Aug 24, 2020, 10:28AM","1"
"Cooper Rush","NYG/DAL","QB","Drop","KoMu: Ladies&Gents, the Fabulous Staches","","1","1/99","Mon Aug 24, 2020, 10:23AM","1"
"Chase Daniel","DET","QB","Drop","KoMu: Ladies&Gents, the Fabulous Staches","","1","1/99","Mon Aug 24, 2020, 10:23AM","1"
"Terrell Edmunds","PIT","DB","Drop","KoMu: Ladies&Gents, the Fabulous Staches","","1","1/99","Mon Aug 24, 2020, 10:23AM","1"
"Jordan Scarlett","DET","RB","Drop","KoMu: Ladies&Gents, the Fabulous Staches","","1","1/99","Mon Aug 24, 2020, 10:23AM","1"
"Vance McDonald","(N/A)","TE","Drop","KoMu: Ladies&Gents, the Fabulous Staches","","1","1/99","Mon Aug 24, 2020, 10:22AM","1"
"Ted Ginn Jr.","(N/A)","WR","Drop","KoMu: Ladies&Gents, the Fabulous Staches","","1","1/99","Mon Aug 24, 2020, 10:22AM","1"
"Josh Doctson","NYJ","WR","Drop","KoMu: Ladies&Gents, the Fabulous Staches","","1","1/99","Mon Aug 24, 2020, 10:22AM","1"
"Rashaad Penny","SEA","RB","Drop","KoMu: Ladies&Gents, the Fabulous Staches","","1","1/99","Mon Aug 24, 2020, 10:22AM","1"
"Albert Wilson","MIA","WR","Drop","(Keyon) Quon T. Hill and the Zits","","1","1/99","Mon Aug 24, 2020, 10:11AM","1"
"Kelvin Harmon","WAS","WR","Drop","(Keyon) Quon T. Hill and the Zits","","1","1/99","Mon Aug 24, 2020, 10:11AM","1"
"Ty Johnson","DET/NYJ","RB","Drop","(Keyon) Quon T. Hill and the Zits","","1","1/99","Mon Aug 24, 2020, 10:11AM","1"
"Derrius Guice","(N/A)","RB","Drop","(Keyon) Quon T. Hill and the Zits","","1","1/99","Mon Aug 24, 2020, 10:11AM","1"
"Nick Foles","CHI","QB","Drop","(Keyon) Quon T. Hill and the Zits","","1","1/99","Mon Aug 24, 2020, 10:11AM","1"
"Jamison Crowder","NYJ","WR","Drop","(REYN) Sex Bob-omb and the City","","1","1/99","Mon Aug 24, 2020, 10:02AM","1"
"Marcus Mariota","LV","QB","Drop","(REYN) Sex Bob-omb and the City","","1","1/99","Mon Aug 24, 2020, 10:02AM","1"
"Gary Jennings","BAL/BUF","WR","Drop","Cap'n Geech & The Shrimp Shaq Shooters","","1","1/99","Mon Aug 24, 2020, 9:49AM","1"
"Myles Gaskin","MIA","RB","Drop","Cap'n Geech & The Shrimp Shaq Shooters","","1","1/99","Mon Aug 24, 2020, 9:49AM","1"
"Mike Davis","CAR","RB","Drop","Cap'n Geech & The Shrimp Shaq Shooters","","1","1/99","Mon Aug 24, 2020, 9:49AM","1"
"Trace McSorley","BAL","QB","Drop","Cap'n Geech & The Shrimp Shaq Shooters","","1","1/99","Mon Aug 24, 2020, 9:49AM","1"
"Marqise Lee","NE","WR","Drop","Cap'n Geech & The Shrimp Shaq Shooters","","1","1/99","Mon Aug 24, 2020, 9:49AM","1"
"Josh Rosen","TB/SF","QB","Drop","Cap'n Geech & The Shrimp Shaq Shooters","","1","1/99","Mon Aug 24, 2020, 9:49AM","1"
